"ID","Description","GeneRatio","BgRatio","RichFactor","FoldEnrichment","zScore","pvalue","p.adjust","qvalue","geneID","Count"
"GO:0010975","regulation of neuron projection development","89/1791","448/18860",0.198660714285714,2.0919827311159,7.57717605663556,1.12949710789392e-11,6.53639976338213e-08,NA,"MACF1/LRRC7/NEGR1/RAP1A/LRIG2/TNR/ABL2/CAMSAP2/MARK1/ZNF365/ANKRD1/SHTN1/DENND5A/CAPRIN1/LRRC4C/MARK2/MAP6/PAK1/FAT3/PTPRO/KIF21A/DIP2B/PPFIA2/SPART/MYCBP2/RAP2A/PRKD1/SIPA1L1/PSEN1/NEO1/MINAR1/NTRK3/IST1/ULK2/TANC2/DCC/KIDINS220/PUM2/RTN4/CCDC88A/DGUOK/CTNNA2/CHN1/HECW2/TRAK2/ABI2/SNAP25/CHODL/TIAM1/KREMEN1/GOLGA4/ROBO2/ROBO1/GSK3B/DHX36/SERPINI1/SKIL/TNIK/NLGN1/MAP3K13/PAK2/SLIT2/GRID2/PPP3CA/RAPGEF2/SEMA5A/FBXO38/DTNBP1/ADGRB3/TMEM30A/EPHA7/POU3F2/RTN4IP1/FIG4/HDAC2/UST/HECW1/COBL/MAGI2/SMURF1/RELN/PTN/BRAF/EZH2/KIF13B/WASHC5/PTPRD/LPAR1/ABL1",89
"GO:0050807","regulation of synapse organization","68/1791","322/18860",0.211180124223602,2.22381750019941,7.17490640375564,2.05297520373244e-10,5.9402837519998e-07,NA,"NEGR1/SNX27/SRGAP2/MARK1/GPR158/KIF5B/LRRTM3/DOCK1/LIN7C/CAPRIN1/GRIN2B/PTPRO/TUBA1A/SRGAP1/ZDHHC17/PPFIA2/MYCBP2/RAP2A/SIPA1L1/PSEN1/RPS6KA5/FGF7/ADAM10/NTRK3/CDH8/NF1/TANC2/ROCK1/CDH2/PUM2/CRIPT/NRXN1/RTN4/CTNNA2/LRRTM1/TANC1/ABI2/DOCK10/SYNDIG1/ZMYND8/APP/LRRN1/CTNNB1/CACNA2D3/ROBO2/CHMP2B/IGSF11/EPHB1/DHX36/NLGN1/PTPN13/SNCA/GRID2/SPARC/CYFIP2/DTNBP1/ADGRB3/EPHA7/LATS1/ELMO1/RELN/DOCK4/CTTNBP2/YWHAZ/PTPRD/ABHD17B/MUSK/ABL1",68
"GO:0050803","regulation of synapse structure or activity","68/1791","329/18860",0.206686930091185,2.17650223423772,6.97339652815949,5.42219056609932e-10,1.04594056020056e-06,NA,"NEGR1/SNX27/SRGAP2/MARK1/GPR158/KIF5B/LRRTM3/DOCK1/LIN7C/CAPRIN1/GRIN2B/PTPRO/TUBA1A/SRGAP1/ZDHHC17/PPFIA2/MYCBP2/RAP2A/SIPA1L1/PSEN1/RPS6KA5/FGF7/ADAM10/NTRK3/CDH8/NF1/TANC2/ROCK1/CDH2/PUM2/CRIPT/NRXN1/RTN4/CTNNA2/LRRTM1/TANC1/ABI2/DOCK10/SYNDIG1/ZMYND8/APP/LRRN1/CTNNB1/CACNA2D3/ROBO2/CHMP2B/IGSF11/EPHB1/DHX36/NLGN1/PTPN13/SNCA/GRID2/SPARC/CYFIP2/DTNBP1/ADGRB3/EPHA7/LATS1/ELMO1/RELN/DOCK4/CTTNBP2/YWHAZ/PTPRD/ABHD17B/MUSK/ABL1",68
"GO:0099173","postsynapse organization","54/1791","245/18860",0.220408163265306,2.32099271869552,6.74147657327632,3.05307972600258e-09,4.41704309359424e-06,NA,"WASF2/NOS1AP/MARK1/ACTN2/ZNF365/DOCK1/CAPRIN1/MTMR2/GRIN2B/PPFIA2/HIP1R/GPHN/SIPA1L1/PSEN1/RPS6KA5/ADAM10/NTRK3/IGF1R/SHISA6/NF1/TANC2/CDH2/PUM2/CRIPT/NRXN1/RTN4/TANC1/ABI2/DOCK10/SYNDIG1/ZMYND8/APP/CHMP2B/GAP43/EPHB1/DHX36/NLGN1/DLG1/GRID2/CTNND2/CYFIP2/DTNBP1/EPHA7/LATS1/ELMO1/FZD9/RELN/DOCK4/ZDHHC2/FNTA/PTPRD/ABHD17B/MUSK/ABL1",54
"GO:0031346","positive regulation of cell projection organization","71/1791","367/18860",0.193460490463215,2.0372221385462,6.49986309175921,4.51188204430828e-09,5.2220522780824e-06,NA,"WASF2/MACF1/LRRC7/NEGR1/FNBP1L/RAP1A/ABL2/ANKRD1/SHTN1/CAPRIN1/MARK2/MAP6/PAK1/EPS8/GRIP1/IFT88/RAP2A/PRKD1/HSP90AA1/RAB8B/NTRK3/IST1/PLEKHM1/MIR21/KIDINS220/PUM2/CCDC88A/MYO3B/ABI2/ZMYND8/CHODL/TIAM1/GOLGA4/ROBO2/ROBO1/GSK3B/CLRN1/P2RY12/DHX36/SERPINI1/SKIL/TNIK/NLGN1/MAP3K13/HTT/TAPT1/SLIT2/RAPGEF2/SEMA5A/APC/RAPGEF6/FBXO38/TENM2/TMEM30A/FIG4/SEPTIN7/ANLN/COBL/AUTS2/MAGI2/SMURF1/RELN/PTN/BRAF/EZH2/ENPP2/WASHC5/PTPRD/TGFBR1/LPAR1/ABL1",71
"GO:0051056","regulation of small GTPase mediated signal transduction","63/1791","314/18860",0.200636942675159,2.11279326569151,6.44105887772938,7.84433339391586e-09,7.56585955843185e-06,NA,"ABL2/SRGAP2/ARHGAP21/PICALM/RDX/CBL/ARHGAP32/WNK1/EPS8/FGD4/STARD13/DOCK9/RALGAPA1/FERMT2/SIPA1L1/RASGRP1/MYO9A/RASGRF1/AKAP13/ARHGAP17/NF1/ARHGAP23/ERBB2/MIR21/MAPRE2/RTN4/STAMBP/MAP4K4/PKP4/CHN1/ITGAV/DOCK10/ARFGEF2/TIAM1/ARHGEF3/ROBO1/RABL3/KALRN/PIK3CB/FXR1/SLIT2/FBXO8/ARHGEF28/RASGRF2/CDC42SE2/FAM13B/ARHGAP26/CSNK1A1/ARHGAP18/ARFGEF3/CHN2/RABGEF1/AUTS2/RELN/DLC1/PSD3/FNTA/ARFGEF1/CYRIB/LPAR1/MAPKAP1/RALGPS1/ABL1",63
"GO:0007409","axonogenesis","84/1791","472/18860",0.177966101694915,1.87405956335349,6.22942361196353,1.10341630893464e-08,9.12210025686391e-06,NA,"MACF1/TNR/TBCE/KIF5B/PRKG1/ANK3/SHTN1/LRRC4C/MARK2/MAP6/PAK1/PICALM/NCAM1/PTPRO/KIF21A/NELL2/DIP2B/ZDHHC17/PTPN11/DCLK1/SPART/MYCBP2/ATL1/SIPA1L1/PSEN1/NRXN3/RPS6KA5/EVL/NEO1/NTRK3/IST1/ULK2/ERBB2/AFG3L2/DCC/FEZ2/NRXN1/RTN4/CTNNA2/TTL/CHN1/TRAK2/CREB1/B4GALT5/CHODL/APP/TIAM1/S100B/CNTN6/CNTN4/TOP2B/CLASP2/GOLGA4/ROBO2/ROBO1/ALCAM/GAP43/GSK3B/KALRN/EPHB1/SKIL/MAP3K13/PAK2/SLIT2/APBB2/UNC5C/EDNRA/SEMA5A/EMB/ARHGEF28/MYOT/CYFIP2/EPHA7/POU3F2/UST/CRPPA/COBL/AUTS2/SEMA3C/SMURF1/RELN/BRAF/KIF13B/ABL1",84
"GO:0016358","dendrite development","52/1791","241/18860",0.215767634854772,2.27212595944221,6.4381863709457,1.27726566418815e-08,9.23942049832103e-06,NA,"RERE/CAMSAP2/SRGAP2/MARK1/PRKG1/ZNF365/CAPRIN1/MAP6/PICALM/FAT3/PPFIA2/MAPKAPK5/RAP2A/SIPA1L1/PSEN1/TANC2/DCC/KIDINS220/STRN/CTNNA2/NCK2/HECW2/TRAK2/ABI2/DOCK10/BTBD3/ZMYND8/APP/GSK3B/EPHB1/DHX36/TNIK/NLGN1/PAK2/PPP3CA/IL2/RAPGEF2/CTNND2/PHACTR1/DTNBP1/ADGRB3/RTN4IP1/HDAC2/HECW1/COBL/RELN/GPR37/PTN/EZH2/PTPRD/LPAR1/ABL1",52
"GO:0072657","protein localization to membrane","81/1791","458/18860",0.176855895196507,1.86236861161704,6.05196280952403,2.68378079724142e-08,1.72567105262623e-05,NA,"MACF1/TMEM59/LRRC7/SH3GLB1/GPSM2/RAP1A/GOLPH3L/NME7/PPP2R5A/CNIH3/ACTN2/OPTN/GPR158/KIF5B/ANK3/RAB11FIP2/ZDHHC5/PACS1/RAB6A/DLG2/PICALM/RAB38/RDX/WNK1/GRIP1/SEC23A/FERMT2/EXOC5/AKAP5/GPHN/PALS1/MYO5A/ADAM10/RAB8B/GRIN2A/SHISA6/AP2B1/ERBB2/CLTC/EPB41L3/ROCK1/CDH2/ROCK2/PRKCE/CRIPT/NRXN1/SPTBN1/CCDC88A/COMMD1/ERBB4/ACSL3/ZMYND8/GOLGA4/SLMAP/ARL13B/ATP2C1/NLGN1/DLG1/KCNIP4/WDR19/TSPAN5/ANK2/CAMK2D/RAPGEF2/FYB1/RAPGEF6/KIF13A/MRAP2/EPM2A/HYCC1/FZD9/MAGI2/SMURF1/RELN/PTN/DPP6/ZDHHC2/FNTA/ANXA13/MUSK/LPAR1",81
"GO:1990778","protein localization to cell periphery","68/1791","365/18860",0.186301369863014,1.96183352072386,6.01066130972363,4.5103423401475e-08,2.61013511224336e-05,NA,"MACF1/TMEM59/LRRC7/GPSM2/RAP1A/GOLPH3L/PPP2R5A/CNIH3/ACTN2/OPTN/GPR158/KIF5B/ANK3/RAB11FIP2/ZDHHC5/PACS1/NUMA1/PICALM/RAB38/RDX/WNK1/GRIP1/SEC23A/EXOC5/AKAP5/GPHN/PALS1/MYO5A/ADAM10/GRIN2A/ERBB2/CLTC/EPB41L3/ROCK1/CDH2/ROCK2/PRKCE/NRXN1/SPTBN1/CCDC88A/COMMD1/ERBB4/ACSL3/GOLGA4/SLMAP/ARL13B/ATP2C1/DLG1/KCNIP4/WDR19/SNCA/TSPAN5/ANK2/CAMK2D/RAPGEF2/FYB1/RAPGEF6/KIF13A/MRAP2/EPB41L2/EPM2A/HYCC1/GNAI1/SMURF1/DPP6/ZDHHC2/ANXA13/LPAR1",68
"GO:0050770","regulation of axonogenesis","35/1791","145/18860",0.241379310344828,2.54182791351393,6.03709588044091,1.75057778574611e-07,9.2096305873752e-05,NA,"MACF1/TNR/SHTN1/LRRC4C/MARK2/MAP6/PAK1/DIP2B/SPART/SIPA1L1/PSEN1/NTRK3/IST1/ULK2/DCC/RTN4/CHN1/TRAK2/CHODL/TIAM1/GOLGA4/ROBO2/ROBO1/GSK3B/SKIL/MAP3K13/PAK2/SLIT2/SEMA5A/EPHA7/POU3F2/UST/SMURF1/BRAF/KIF13B",35
"GO:0051960","regulation of nervous system development","78/1791","466/18860",0.167381974248927,1.76260415094068,5.39954439278992,4.98768453237016e-07,0.000240531086573551,NA,"SPEN/YTHDF2/MACF1/NEGR1/TNR/ASPM/PROX1/ZNF365/LRRTM3/SHTN1/CAPRIN1/MAP6/PAK1/TENM4/MTMR2/DIP2B/NAP1L1/APPL2/SPART/PSEN1/PRTG/NTRK3/IST1/ULK2/NF1/DCC/MYCN/NRXN1/RTN4/LRRTM1/TRAK2/XRCC5/SYNDIG1/CHODL/TIAM1/S100B/LRRN1/RARB/GOLGA4/CTNNB1/ROBO2/ROBO1/DRD3/EPHB1/DHX36/SKIL/NLGN1/FXR1/MAP3K13/DLG1/SLIT2/PTPN13/GRID2/PPP3CA/RAPGEF2/SEMA5A/IL6ST/MAN2A1/CTNNA1/ATXN1/ID4/ADGRB3/EPHA7/UFL1/FIG4/HDAC2/OPRM1/QKI/ELAPOR2/SMURF1/RELN/PTN/BRAF/EZH2/PCM1/CHD7/PTPRD/BRINP1",78
"GO:1901888","regulation of cell junction assembly","54/1791","285/18860",0.189473684210526,1.99523935466808,5.48388885003329,6.21004205503512e-07,0.000265736942939304,NA,"MACF1/NEGR1/RAP1A/SRGAP2/MARK1/LRRTM3/DOCK1/LIN7C/SRGAP1/RAP1B/MYCBP2/RAP2A/FERMT2/TJP1/PEAK1/NTRK3/ROCK1/ROCK2/PUM2/CRIPT/NRXN1/RTN4/LRRTM1/MAP4K4/LIMS1/NPHP1/CLASP1/DOCK10/SYNDIG1/APP/LRRN1/ANKRD28/CLASP2/CTNNB1/ROBO2/IGSF11/EPHB1/NLGN1/LIMCH1/PTPN13/SNCA/GRID2/RAPGEF2/CYFIP2/ADGRB3/EPHA7/LATS1/ELMO1/DOCK4/CNTNAP2/DLC1/PTPRD/MUSK/ABL1",54
"GO:0099175","regulation of postsynapse organization","34/1791","146/18860",0.232876712328767,2.45229190090483,5.70624106321219,6.42874926758296e-07,0.000265736942939304,NA,"MARK1/DOCK1/CAPRIN1/GRIN2B/PPFIA2/SIPA1L1/PSEN1/RPS6KA5/ADAM10/NF1/TANC2/CDH2/PUM2/CRIPT/RTN4/TANC1/ABI2/DOCK10/SYNDIG1/ZMYND8/APP/CHMP2B/DHX36/NLGN1/GRID2/CYFIP2/DTNBP1/EPHA7/LATS1/ELMO1/RELN/DOCK4/PTPRD/ABHD17B",34
"GO:0032970","regulation of actin filament-based process","69/1791","402/18860",0.171641791044776,1.807461853213,5.30085352580499,8.91665573013828e-07,0.000344004578068735,NA,"WASF2/PDE4B/ABL2/PROX1/ACTN2/RHOBTB1/CTNNA3/ADD3/PAK1/RDX/DIXDC1/EPS8/ATP2A2/CIT/HIP1R/PRKD1/FRMD6/FERMT2/EVL/TJP1/CORO2B/AKAP13/ARHGAP17/TAOK1/SSH2/MIR21/KCNJ2/ROCK1/ROCK2/PRKCE/SPTBN1/CCDC88A/CTNNA2/NCK2/CLASP1/MYO3B/TMEFF2/ABI2/CLASP2/MIR138-1/CD47/STRIT1/PAK2/DLG1/ADD1/SLIT2/ARAP2/LIMCH1/ANK2/CAMK2D/ARFIP1/SEMA5A/RICTOR/PTGER4/PDE4D/RASA1/CYFIP2/WASF1/ARHGAP18/LATS1/SNX9/BRAF/DLC1/ARFGEF1/WASHC5/CYRIB/TGFBR1/LPAR1/ABL1",69
"GO:0000209","protein polyubiquitination","55/1791","300/18860",0.183333333333333,1.93057882002606,5.26293358071782,1.44080717312245e-06,0.000521121944428725,NA,"UBE4B/RNF115/RC3H1/UBE2D1/NT5C2/ATE1/C10orf90/TRIM44/AMBRA1/ZDHHC5/ATM/CBL/KLHL42/ANAPC5/RNF34/MYCBP2/TPP2/CBFB/NQO1/UBE2G1/RNF152/RMND5A/MARCHF7/UBE2E3/TRIP12/ITCH/TTC3/UBE2E1/CTNNB1/MIR138-1/ARIH2/DZIP3/UBE2D3/OTUD4/TRIM2/MARCHF1/TRIM60/FBXL7/RNF180/LNPEP/UBE2D2/FBXO38/RNF8/UBE2J1/SASH1/TAB2/RNF216/KBTBD2/YWHAG/SMURF1/TNKS/RNF170/RIPK2/NBN/UBR5",55
"GO:0072659","protein localization to plasma membrane","54/1791","295/18860",0.183050847457627,1.92760412230645,5.20150817252704,1.87888800092613e-06,0.000629893446635425,NA,"MACF1/TMEM59/LRRC7/RAP1A/GOLPH3L/PPP2R5A/ACTN2/OPTN/GPR158/KIF5B/ANK3/RAB11FIP2/ZDHHC5/PACS1/PICALM/RDX/WNK1/GRIP1/SEC23A/EXOC5/AKAP5/PALS1/MYO5A/CLTC/EPB41L3/ROCK1/CDH2/ROCK2/PRKCE/NRXN1/SPTBN1/CCDC88A/COMMD1/ACSL3/GOLGA4/SLMAP/ATP2C1/DLG1/KCNIP4/TSPAN5/ANK2/CAMK2D/RAPGEF2/FYB1/RAPGEF6/KIF13A/MRAP2/EPM2A/HYCC1/SMURF1/DPP6/ZDHHC2/ANXA13/LPAR1",54
"GO:1902903","regulation of supramolecular fiber organization","67/1791","395/18860",0.169620253164557,1.78617419021973,5.11500141049987,1.95923311550677e-06,0.000629893446635425,NA,"WASF2/PDE4DIP/NME7/CAMSAP2/PROX1/ACTN2/ADD3/NUMA1/PAK1/RDX/EPS8/KIF21A/NAV3/CLIP1/HIP1R/PRKD1/FERMT2/PSEN1/CCDC88C/EVL/TJP1/CORO2B/AKAP13/TAOK1/SSH2/MIR21/ROCK1/SKA1/ROCK2/PRKCE/SPTBN1/CCDC88A/CTNNA2/NCK2/CLASP1/TMEFF2/ABI2/APP/CLASP2/MIR138-1/CD47/PAK2/DLG1/ADD1/SLIT2/LIMCH1/SNCA/ARFIP1/SEMA5A/RICTOR/PTGER4/RASA1/APC/CYFIP2/WASF1/ARHGAP18/LATS1/SNX9/BRAF/DLC1/ARFGEF1/WASHC5/CYRIB/TGFBR1/LPAR1/CDK5RAP2/ABL1",67
"GO:0050806","positive regulation of synaptic transmission","38/1791","181/18860",0.209944751381215,2.21080849304842,5.30201581664397,2.26308940829933e-06,0.000689289389780432,NA,"TNR/GPR158/KIF5B/NPS/GRIN2B/SLC4A8/NALCN/AKAP5/GRIN2A/NF1/PRKCE/NRXN1/LRRTM1/RAB3GAP1/CREB1/SNAP25/STAU1/APP/S100B/MAPK1/IGSF11/GSK3B/NLGN1/FXR1/SNCA/PPP3CA/CAMK2D/SLC1A3/RASGRF2/DRD1/DTNBP1/ADAM22/RELN/PTN/BRAF/MICU3/ZDHHC2/ABL1",38
"GO:0035249","synaptic transmission, glutamatergic","27/1791","110/18860",0.245454545454545,2.58474189127455,5.39954703717976,3.0707561597254e-06,0.000888523294816545,NA,"TNR/CNIH3/NPS/GRIA4/GRIN2B/SLC38A2/PSEN1/GRIN2A/CDH8/NF1/NRXN1/VPS54/RAB3GAP1/CACNB4/NAPB/GRM7/DRD3/NLGN1/FXR1/GRID2/GRIA2/CLCN3/NR3C1/DRD1/DTNBP1/RELN/UNC13B",27
"GO:0099504","synaptic vesicle cycle","43/1791","220/18860",0.195454545454545,2.05822039490381,5.11408094553025,3.66804514339084e-06,0.0010108084402287,NA,"SGIP1/BTBD8/STXBP3/RAP1A/DNM3/SYT2/SLC4A8/RAP1B/PPFIA2/ATP2A2/PCDH17/PSEN1/PRKCB/AP2B1/ROCK1/CDH2/PIK3C3/NRXN1/PPP3R1/RAB3GAP1/CACNB4/RAPGEF4/SNAP25/NAPB/SYNDIG1/CTNNB1/ERC2/ATP6V1A/PLD1/NLGN1/ATP8A1/SNCA/PPP3CA/BLTP1/CLCN3/GPR151/DTNBP1/RIMS1/SNX9/SCRN1/BRAF/UNC13B/LPAR1",43
"GO:0048013","ephrin receptor signaling pathway","17/1791","53/18860",0.320754716981132,3.37768507105759,5.61481675826764,4.46250472288113e-06,0.0011738415832415,NA,"PAK1/ANKS1B/PTPN11/SIPA1L1/NTRK3/SS18/NCK2/CHN1/TIAM1/KALRN/EPHB1/RBPJ/ARHGEF28/RASA1/ANKS1A/EPHA7/ABL1",17
"GO:0000910","cytokinesis","39/1791","195/18860",0.2,2.10608598548297,5.02915802603368,5.77850598563353e-06,0.00140856098372838,NA,"LUZP1/SH3GLB1/PKN2/ANK3/ZNF365/EXOC6/UVRAG/WNK1/CIT/SPART/EXOC5/IQGAP1/IST1/ROCK1/PIK3C3/ROCK2/BIRC6/PRKCE/SPTBN1/EXOC6B/STAMBP/CHMP3/SEPTIN10/PRPF40A/PKP4/CHMP2B/DRD3/SEPTIN11/SNX18/RASA1/APC/TRIM36/KIF13A/SNX9/SEPTIN7/ANLN/EXOC4/WASHC5/CDC14B",39
"GO:0120034","positive regulation of plasma membrane bounded cell projection assembly","28/1791","120/18860",0.233333333333333,2.4571003163968,5.18678643334943,5.84162149809592e-06,0.00140856098372838,NA,"WASF2/FNBP1L/EPS8/IFT88/RAP2A/HSP90AA1/PLEKHM1/CCDC88A/MYO3B/ABI2/ZMYND8/GSK3B/CLRN1/P2RY12/TNIK/NLGN1/HTT/TAPT1/RAPGEF2/APC/RAPGEF6/TENM2/SEPTIN7/ANLN/COBL/AUTS2/TGFBR1/LPAR1",28
"GO:0120032","regulation of plasma membrane bounded cell projection assembly","41/1791","210/18860",0.195238095238095,2.05594108106671,4.984401288087,6.29120278737586e-06,0.00145628762122176,NA,"LUZP1/WASF2/FNBP1L/SDCCAG8/EPS8/MPHOSPH9/IFT88/RAP2A/EVL/HSP90AA1/CYLD/PLEKHM1/SH3YL1/NRXN1/CCDC88A/MARCHF7/MYO3B/ABI2/ZMYND8/ATG3/GAP43/GSK3B/CLRN1/P2RY12/TNIK/PLD1/NLGN1/HTT/TAPT1/SLIT2/INTU/RAPGEF2/APC/RAPGEF6/TENM2/SEPTIN7/ANLN/COBL/AUTS2/TGFBR1/LPAR1",41
"GO:0018105","peptidyl-serine phosphorylation","20/1791","72/18860",0.277777777777778,2.9251194242819,5.30135310997452,7.89196508806816e-06,0.00174348991895647,NA,"MAPK8/HIPK3/ATM/CREBL2/TBK1/TLK2/ROCK1/PRKCE/STK39/TOP1/STK4/GSK3B/PDCD10/NSD1/CNKSR3/LMTK2/SRPK2/BRAF/TNKS/TGFBR1",20
"GO:0110020","regulation of actomyosin structure organization","26/1791","109/18860",0.238532110091743,2.51184567075951,5.12756974905736,8.13447862654653e-06,0.00174348991895647,NA,"WASF2/PROX1/PAK1/PRKD1/FERMT2/EVL/TJP1/CORO2B/AKAP13/MIR21/ROCK1/ROCK2/CCDC88A/CLASP1/TMEFF2/CLASP2/MIR138-1/CD47/PAK2/LIMCH1/PTGER4/BRAF/DLC1/TGFBR1/LPAR1/ABL1",26
"GO:0032956","regulation of actin cytoskeleton organization","60/1791","357/18860",0.168067226890756,1.76982015586804,4.7566959878506,8.87093173785875e-06,0.00180175148287548,NA,"WASF2/ABL2/PROX1/ACTN2/RHOBTB1/ADD3/PAK1/RDX/DIXDC1/EPS8/CIT/HIP1R/PRKD1/FERMT2/EVL/TJP1/CORO2B/AKAP13/ARHGAP17/TAOK1/SSH2/MIR21/ROCK1/ROCK2/PRKCE/SPTBN1/CCDC88A/CTNNA2/NCK2/CLASP1/MYO3B/TMEFF2/ABI2/CLASP2/MIR138-1/CD47/PAK2/DLG1/ADD1/SLIT2/ARAP2/LIMCH1/ARFIP1/SEMA5A/RICTOR/PTGER4/RASA1/CYFIP2/WASF1/ARHGAP18/LATS1/SNX9/BRAF/DLC1/ARFGEF1/WASHC5/CYRIB/TGFBR1/LPAR1/ABL1",60
"GO:0060491","regulation of cell projection assembly","41/1791","213/18860",0.192488262910798,2.02698416443197,4.88261124882266,9.02899481655245e-06,0.00180175148287548,NA,"LUZP1/WASF2/FNBP1L/SDCCAG8/EPS8/MPHOSPH9/IFT88/RAP2A/EVL/HSP90AA1/CYLD/PLEKHM1/SH3YL1/NRXN1/CCDC88A/MARCHF7/MYO3B/ABI2/ZMYND8/ATG3/GAP43/GSK3B/CLRN1/P2RY12/TNIK/PLD1/NLGN1/HTT/TAPT1/SLIT2/INTU/RAPGEF2/APC/RAPGEF6/TENM2/SEPTIN7/ANLN/COBL/AUTS2/TGFBR1/LPAR1",41
"GO:0110053","regulation of actin filament organization","49/1791","274/18860",0.178832116788321,1.88317907461069,4.77017343655272,1.06957888322854e-05,0.0020022774470796,NA,"WASF2/ACTN2/ADD3/PAK1/RDX/EPS8/HIP1R/FERMT2/EVL/TJP1/CORO2B/SSH2/MIR21/ROCK1/ROCK2/PRKCE/SPTBN1/CCDC88A/CTNNA2/NCK2/CLASP1/TMEFF2/ABI2/CLASP2/MIR138-1/CD47/PAK2/DLG1/ADD1/SLIT2/LIMCH1/ARFIP1/SEMA5A/RICTOR/PTGER4/RASA1/CYFIP2/WASF1/ARHGAP18/LATS1/SNX9/BRAF/DLC1/ARFGEF1/WASHC5/CYRIB/TGFBR1/LPAR1/ABL1",49
"GO:0099003","vesicle-mediated transport in synapse","47/1791","259/18860",0.181467181467181,1.91092743856563,4.7815489216493,1.08086544214415e-05,0.0020022774470796,NA,"EPS15/SGIP1/BTBD8/STXBP3/RAP1A/DNM3/SYT2/SLC4A8/RAP1B/PPFIA2/ATP2A2/PCDH17/PSEN1/PRKCB/AP2B1/ROCK1/CDH2/PIK3C3/NRXN1/PPP3R1/AAK1/RAB3GAP1/CACNB4/RAPGEF4/SNAP25/NAPB/SYNDIG1/CTNNB1/ERC2/ATP6V1A/PLD1/NLGN1/ATP8A1/SNCA/PPP3CA/BLTP1/CLCN3/GPR151/DTNBP1/RIMS1/SNX9/SCRN1/MKLN1/BRAF/NRG1/UNC13B/LPAR1",47
"GO:0048813","dendrite morphogenesis","31/1791","144/18860",0.215277777777778,2.26696755381848,4.94359978648407,1.10718642313024e-05,0.0020022774470796,NA,"RERE/ZNF365/CAPRIN1/MAP6/PICALM/PPFIA2/RAP2A/SIPA1L1/TANC2/KIDINS220/CTNNA2/HECW2/TRAK2/ABI2/DOCK10/BTBD3/GSK3B/EPHB1/DHX36/TNIK/NLGN1/PPP3CA/RAPGEF2/CTNND2/PHACTR1/DTNBP1/ADGRB3/HECW1/RELN/PTN/PTPRD",31
"GO:0051648","vesicle localization","42/1791","223/18860",0.188340807174888,1.98330967242791,4.78473427788499,1.23341543052765e-05,0.00208244968470038,NA,"KIF1B/BTBD8/FNBP1L/STXBP3/DNM3/STAM/KIF5B/EXOC6/LIN7C/BORCS5/PPFIA2/PCDH17/EXOC5/PSEN1/RASGRP1/MYO5A/TANC2/CDH2/TRAPPC12/NRXN1/EXOC6B/CLASP1/TRAK2/SNAP25/SYNDIG1/ATP9A/CLASP2/CTNNB1/FYCO1/TBC1D23/NLGN1/HTT/USO1/SNCA/BBS7/TRAPPC13/AP3B1/DTNBP1/KIF13A/EXOC4/FAM91A1/UNC13B",42
"GO:0018209","peptidyl-serine modification","20/1791","74/18860",0.27027027027027,2.84606214254455,5.15404375436449,1.2377820909653e-05,0.00208244968470038,NA,"MAPK8/HIPK3/ATM/CREBL2/TBK1/TLK2/ROCK1/PRKCE/STK39/TOP1/STK4/GSK3B/PDCD10/NSD1/CNKSR3/LMTK2/SRPK2/BRAF/TNKS/TGFBR1",20
"GO:0032535","regulation of cellular component size","60/1791","361/18860",0.166204986149584,1.75020996023516,4.66192609638059,1.25947362993802e-05,0.00208244968470038,NA,"HP1BP3/MACF1/TNR/ACTN2/AKT3/ADD3/SHTN1/PAK1/PICALM/RDX/WNK1/BORCS5/EPS8/DIP2B/HIP1R/SPART/PRKD1/EVL/HSP90AA1/NTRK3/IST1/ULK2/SSH2/DCC/PUM2/PRKCE/FSHR/SPTBN1/RTN4/CHMP3/NCK2/TTL/STK39/MYO3B/CREB1/CLASP2/GOLGA4/GSK3B/MAP3K13/DLG1/ADD1/SLIT2/CLCN3/SEMA5A/RICTOR/RASA1/SLC12A2/LARS1/CYFIP2/MAP3K7/EPHA7/ARHGAP18/LATS1/SNX9/SMURF1/RB1CC1/ARFGEF1/WASHC5/CYRIB/ABL1",60
"GO:0007416","synapse assembly","50/1791","284/18860",0.176056338028169,1.8539489308829,4.69697287296205,1.35815548910262e-05,0.00215658460721586,NA,"NEGR1/DNM3/SRGAP2/MARK1/LRRTM3/DOCK1/LIN7C/CAPRIN1/SRGAP1/PCDH17/MYCBP2/RAP2A/GPHN/NTRK3/CDH2/PUM2/CRIPT/NRXN1/RTN4/LRRTM1/ERBB4/DOCK10/DNER/SYNDIG1/APP/LRRN1/CTNNB1/ROBO2/GAP43/IGSF11/EPHB1/NLGN1/ADGRL3/PTPN13/SNCA/GRID2/CYFIP2/GABRB2/DRD1/ADGRF1/ADGRB3/EPHA7/LATS1/ELMO1/RELN/DOCK4/ZDHHC2/PTPRD/MUSK/ABL1",50
"GO:0050767","regulation of neurogenesis","62/1791","378/18860",0.164021164021164,1.72721337433789,4.62632734015526,1.38720675254775e-05,0.00215658460721586,NA,"SPEN/YTHDF2/MACF1/NEGR1/TNR/ASPM/PROX1/ZNF365/SHTN1/CAPRIN1/MAP6/PAK1/TENM4/DIP2B/NAP1L1/APPL2/SPART/PSEN1/PRTG/NTRK3/IST1/ULK2/NF1/DCC/MYCN/RTN4/TRAK2/XRCC5/CHODL/TIAM1/GOLGA4/CTNNB1/ROBO2/ROBO1/DRD3/DHX36/SKIL/FXR1/MAP3K13/SLIT2/PPP3CA/RAPGEF2/SEMA5A/IL6ST/MAN2A1/CTNNA1/ATXN1/ID4/EPHA7/UFL1/HDAC2/OPRM1/QKI/SMURF1/RELN/PTN/BRAF/EZH2/PCM1/CHD7/PTPRD/BRINP1",62
"GO:0106027","neuron projection organization","23/1791","93/18860",0.247311827956989,2.60429987452195,5.02380392379214,1.41635428703376e-05,0.00215658460721586,NA,"ZNF365/CAPRIN1/MTMR2/GRIN2B/PPFIA2/SIPA1L1/PSEN1/IGF1R/TANC2/TANC1/ABI2/DOCK10/ZMYND8/APP/GSK3B/EPHB1/DHX36/NLGN1/CTNND2/DTNBP1/RELN/PTPRD/ABHD17B",23
"GO:0070588","calcium ion transmembrane transport","57/1791","339/18860",0.168141592920354,1.7706032621317,4.63768834376763,1.45337480009363e-05,0.00215658460721586,NA,"PDE4B/MCOLN2/NOS1AP/CACNA1E/PTPRC/MICU1/GRIN2B/ITPR2/ATP2B1/ATP2A2/SLC8B1/NALCN/PRKD1/AKAP6/ERO1A/AKAP5/PSEN1/GRIN2A/MIR21/RGS9/AFG3L2/PRKCE/PPP3R1/CACNB4/UBR3/SESTD1/ITGAV/PLCL1/MAIP1/HTR2B/TRPC4AP/ITPR1/CACNA1D/CACNA2D3/ATP2C1/HTT/STIM2/TMEM165/PKD2/SNCA/PPP3CA/MCUB/ANK2/CAMK2D/EDNRA/PDE4D/HSPA9/DRD1/IBTK/OPRM1/CACNA2D1/MICU3/CHD7/JPH1/TMEM38B/SLC25A25/ABL1",57
"GO:0061640","cytoskeleton-dependent cytokinesis","28/1791","126/18860",0.222222222222222,2.34009553942552,4.88887417782153,1.55825467184689e-05,0.00225440494649449,NA,"LUZP1/ANK3/ZNF365/EXOC6/WNK1/CIT/SPART/EXOC5/IQGAP1/IST1/ROCK1/ROCK2/SPTBN1/EXOC6B/STAMBP/CHMP3/SEPTIN10/CHMP2B/SEPTIN11/SNX18/RASA1/APC/TRIM36/SNX9/SEPTIN7/ANLN/EXOC4/WASHC5",28
"GO:0007626","locomotory behavior","41/1791","218/18860",0.188073394495413,1.980493701945,4.71660913024667,1.61296984670478e-05,0.00227664792753185,NA,"NEGR1/GPR52/TNR/TBCE/NAV2/EPS8/TUBA1A/ZFHX3/NPC1/STRN/PRKCE/FSHR/MEIS1/LRRTM1/CACNB4/GIGYF2/SNAP25/APP/CRBN/DRD3/ADCY5/FGF12/GPRIN3/SNCA/CLCN3/SELENOP/MINAR2/DRD1/ATXN1/RCAN2/FIG4/RELN/KCND2/GPR37/DDHD2/RNF170/CHD7/NCOA2/OXR1/AGTPBP1/PBX3",41
"GO:0099072","regulation of postsynaptic membrane neurotransmitter receptor levels","27/1791","121/18860",0.223140495867769,2.34976535570414,4.8248169423838,2.02864985366484e-05,0.0027951896912282,NA,"EPS15/LRRC7/GPSM2/RAP1A/SNX27/CNIH3/ZDHHC5/DLG2/RDX/EPS8/GRIP1/RAP2A/GPHN/HSP90AA1/ADAM10/SHISA6/AP2B1/ERBB2/EPB41L3/PPP3R1/ERBB4/DLG1/GRID2/ERBIN/ZDHHC2/NRG1/LPAR1",27
"GO:0051588","regulation of neurotransmitter transport","25/1791","108/18860",0.231481481481481,2.43759952023492,4.85320999926832,2.09592750324576e-05,0.00282072847936819,NA,"RAP1A/SYT2/GPR158/SLC38A2/SLC4A8/RAP1B/KCNMB4/PPFIA2/ATP2A2/PRKCB/NF1/RAB3GAP1/CACNB4/APP/DRD3/NLGN1/SNCA/PPP3CA/MCTP1/GPR151/DRD1/DTNBP1/RIMS1/BRAF/MICU3",25
"GO:0097061","dendritic spine organization","21/1791","83/18860",0.253012048192771,2.66432564428569,4.92229153121514,2.2788208809991e-05,0.0029971673723504,NA,"ZNF365/CAPRIN1/MTMR2/GRIN2B/PPFIA2/SIPA1L1/IGF1R/TANC2/TANC1/ABI2/DOCK10/ZMYND8/APP/EPHB1/DHX36/NLGN1/CTNND2/DTNBP1/RELN/PTPRD/ABHD17B",21
"GO:0060996","dendritic spine development","23/1791","96/18860",0.239583333333333,2.52291550344314,4.84564725822408,2.46161988331214e-05,0.00316564316993941,NA,"SRGAP2/ZNF365/CAPRIN1/PPFIA2/MAPKAPK5/SIPA1L1/PSEN1/TANC2/NCK2/ABI2/DOCK10/ZMYND8/EPHB1/DHX36/NLGN1/PAK2/IL2/CTNND2/DTNBP1/HDAC2/RELN/PTPRD/LPAR1",23
"GO:0046928","regulation of neurotransmitter secretion","22/1791","90/18860",0.244444444444444,2.57410509336807,4.84870683717273,2.62773061315938e-05,0.00318303790140591,NA,"RAP1A/SYT2/GPR158/SLC38A2/SLC4A8/RAP1B/KCNMB4/PPFIA2/ATP2A2/PRKCB/NF1/RAB3GAP1/CACNB4/NLGN1/SNCA/PPP3CA/MCTP1/GPR151/DTNBP1/RIMS1/BRAF/MICU3",22
"GO:0030038","contractile actin filament bundle assembly","26/1791","116/18860",0.224137931034483,2.36026877683436,4.76020515502975,2.64015585393958e-05,0.00318303790140591,NA,"LUZP1/WASF2/PAK1/FERMT2/EVL/TJP1/CORO2B/MIR21/ROCK1/ROCK2/CCDC88A/CLASP1/TMEFF2/CLASP2/MIR138-1/CD47/PAK2/LIMCH1/FHDC1/PTGER4/PHACTR1/BRAF/DLC1/TGFBR1/LPAR1/ABL1",26
"GO:0043149","stress fiber assembly","26/1791","116/18860",0.224137931034483,2.36026877683436,4.76020515502975,2.64015585393958e-05,0.00318303790140591,NA,"LUZP1/WASF2/PAK1/FERMT2/EVL/TJP1/CORO2B/MIR21/ROCK1/ROCK2/CCDC88A/CLASP1/TMEFF2/CLASP2/MIR138-1/CD47/PAK2/LIMCH1/FHDC1/PTGER4/PHACTR1/BRAF/DLC1/TGFBR1/LPAR1/ABL1",26
"GO:0006403","RNA localization","39/1791","208/18860",0.1875,1.97445561139028,4.57756066836326,2.7586857689381e-05,0.00325806419282546,NA,"ZNHIT6/NUP98/CAPRIN1/NUP160/ATM/SIDT2/DDX25/WNK1/PARP11/XPOT/ATXN2/HNRNPA1L2/RTRAF/NRDE2/RBFOX1/PARN/NPIPA1/SRSF1/PUM2/SRSF7/LRPPRC/PPP1R21/CCT4/IWS1/RFTN2/AGFG1/STAU1/DHX36/FXR1/SENP2/YTHDC1/G3BP2/QKI/HNRNPA2B1/POM121/SEM1/NUP205/TNKS/NCBP1",39
"GO:0000281","mitotic cytokinesis","23/1791","98/18860",0.23469387755102,2.4714274319443,4.7305910346536,3.50112795586831e-05,0.00397275048639409,NA,"ANK3/ZNF365/EXOC6/WNK1/CIT/SPART/EXOC5/IQGAP1/IST1/ROCK1/ROCK2/SPTBN1/EXOC6B/STAMBP/CHMP3/CHMP2B/SNX18/RASA1/APC/TRIM36/SNX9/ANLN/EXOC4",23
"GO:0051492","regulation of stress fiber assembly","23/1791","98/18860",0.23469387755102,2.4714274319443,4.7305910346536,3.50112795586831e-05,0.00397275048639409,NA,"WASF2/PAK1/FERMT2/EVL/TJP1/CORO2B/MIR21/ROCK1/ROCK2/CCDC88A/CLASP1/TMEFF2/CLASP2/MIR138-1/CD47/PAK2/LIMCH1/PTGER4/BRAF/DLC1/TGFBR1/LPAR1/ABL1",23
"GO:0051963","regulation of synapse assembly","35/1791","181/18860",0.193370165745856,2.03627098043934,4.5377325647804,3.59111661879677e-05,0.00399649843711094,NA,"NEGR1/SRGAP2/MARK1/LRRTM3/DOCK1/LIN7C/SRGAP1/MYCBP2/RAP2A/NTRK3/PUM2/CRIPT/NRXN1/RTN4/LRRTM1/DOCK10/SYNDIG1/APP/LRRN1/CTNNB1/ROBO2/IGSF11/EPHB1/NLGN1/PTPN13/SNCA/GRID2/CYFIP2/ADGRB3/EPHA7/LATS1/ELMO1/DOCK4/PTPRD/MUSK",35
"GO:0001764","neuron migration","37/1791","197/18860",0.187817258883249,1.97779648382919,4.46883109458571,4.21604040719667e-05,0.0045787736923276,NA,"WASF2/KIAA0319L/LRIG2/ASPM/SRGAP2/MARK1/SDCCAG8/PRKG1/SHTN1/MARK2/FAT3/TUBA1A/PSEN1/HSP90AA1/ZNF609/NEO1/NTRK3/DCC/CTNNA2/SATB2/ABI2/ERBB4/DNER/TOP2B/CTNNB1/APBB2/ADGRL3/UNC5C/RAPGEF2/NIPBL/DRD1/PHACTR1/AUTS2/RELN/PCM1/ELP3/LRP12",37
"GO:0051057","positive regulation of small GTPase mediated signal transduction","19/1791","74/18860",0.256756756756757,2.70375903541733,4.75674594752858,4.4278184160969e-05,0.0045787736923276,NA,"PICALM/FERMT2/RASGRP1/RASGRF1/AKAP13/ERBB2/MAPRE2/RTN4/MAP4K4/ITGAV/ARHGEF3/ROBO1/PIK3CB/FXR1/CSNK1A1/AUTS2/RELN/FNTA/LPAR1",19
"GO:0007269","neurotransmitter secretion","31/1791","154/18860",0.201298701298701,2.11976186850559,4.51958598951471,4.43081608381451e-05,0.0045787736923276,NA,"STXBP3/RAP1A/SYT2/GPR158/LIN7C/SLC38A2/SLC4A8/RAP1B/KCNMB4/PPFIA2/ATP2A2/PSEN1/PRKCB/NF1/AP2B1/NRXN1/RAB3GAP1/CACNB4/SNAP25/NAPB/ERC2/NLGN1/SNCA/PPP3CA/MCTP1/GPR151/DTNBP1/RIMS1/BRAF/MICU3/UNC13B",31
"GO:0099643","signal release from synapse","31/1791","154/18860",0.201298701298701,2.11976186850559,4.51958598951471,4.43081608381451e-05,0.0045787736923276,NA,"STXBP3/RAP1A/SYT2/GPR158/LIN7C/SLC38A2/SLC4A8/RAP1B/KCNMB4/PPFIA2/ATP2A2/PSEN1/PRKCB/NF1/AP2B1/NRXN1/RAB3GAP1/CACNB4/SNAP25/NAPB/ERC2/NLGN1/SNCA/PPP3CA/MCTP1/GPR151/DTNBP1/RIMS1/BRAF/MICU3/UNC13B",31
"GO:2000300","regulation of synaptic vesicle exocytosis","15/1791","51/18860",0.294117647058824,3.09718527276907,4.8578278244186,5.10092014063907e-05,0.00515319280387553,NA,"RAP1A/SYT2/SLC4A8/RAP1B/PPFIA2/ATP2A2/PRKCB/RAB3GAP1/CACNB4/NLGN1/PPP3CA/GPR151/DTNBP1/RIMS1/BRAF",15
"GO:0097120","receptor localization to synapse","20/1791","81/18860",0.246913580246914,2.60010615491725,4.67474750195319,5.16476901027788e-05,0.00515319280387553,NA,"LRRC7/GPSM2/RAP1A/CNIH3/KIF5B/DLG2/RDX/GRIP1/GPHN/ADAM10/SHISA6/ERBB2/EPB41L3/NRXN1/ERBB4/NLGN1/DLG1/RELN/MKLN1/ZDHHC2",20
"GO:0048588","developmental cell growth","42/1791","238/18860",0.176470588235294,1.85831116366144,4.3164146968426,6.0784303818185e-05,0.00596201298637011,NA,"MACF1/TNR/SYT2/PRKG1/SHTN1/PAK1/DIP2B/DCLK1/SPART/AKAP6/NTRK3/IQGAP1/IST1/ULK2/SPAG9/DCC/PUM2/RTN4/MEIS1/TTL/SLC23A2/APP/S100B/CLASP2/GOLGA4/CTNNB1/ARIH2/FOXP1/ALCAM/GSK3B/MAP3K13/SLIT2/EDNRA/SEMA5A/CYFIP2/RIMS1/EPHA7/WASF1/COBL/AUTS2/SMURF1/ABL1",42
"GO:0050890","cognition","54/1791","333/18860",0.162162162162162,1.70763728552673,4.22020315539582,6.63807180331846e-05,0.00640242025430066,NA,"TNR/ITGA8/GPR158/NPS/PICALM/GRIN2B/TUBA1A/PSEN1/NRXN3/MEIS2/RASGRF1/GRIN2A/SPECC1/NF1/GTF2A1L/LHCGR/NRXN1/TANC1/SCN2A/GPR155/CREB1/SNAP25/GNAS/APP/S100B/MAPK1/CHMP2B/DRD3/HTT/ATP8A1/NIPBL/PJA2/CAMK4/KCTD16/DRD1/DTNBP1/ATXN1/RCAN2/ADGRF1/ADGRB3/SGK1/EPM2A/FZD9/RELN/PTN/BRAF/CNTNAP2/CSMD1/DDHD2/VDAC3/CHD7/MUSK/BRINP1/ABL1",54
"GO:0008654","phospholipid biosynthetic process","44/1791","255/18860",0.172549019607843,1.81701536002452,4.25489217025698,7.1155241783271e-05,0.00675041613442277,NA,"SH3GLB1/PIP4K2A/SGMS1/SAMD8/PI4K2A/FAR1/OSBP/CHKA/UVRAG/RAB38/MTMR2/ATM/MTMR6/DGKH/SPTLC2/LPCAT2/ABCA8/VAPA/PIK3C3/PIGN/SH3YL1/MBOAT2/INPP4A/PGAP1/ACSL3/HTR2B/PI4KA/PISD/TAMM41/ABHD5/PIK3CB/PLD1/INPP4B/FIG4/SERAC1/DGKB/HYCC1/DGKI/AGPAT5/MTMR7/BPNT2/PGAP4/SLC44A1/TMEM38B",44
"GO:1904358","positive regulation of telomere maintenance via telomere lengthening","10/1791","26/18860",0.384615384615385,4.05016535669802,5.04129206756781,7.42462172030237e-05,0.00693004611215965,NA,"ATM/HSP90AA1/PARN/CCT4/CTNNB1/DHX36/HNRNPD/HNRNPA2B1/POT1/TNKS",10
"GO:0051650","establishment of vesicle localization","37/1791","203/18860",0.182266009852217,1.91933944489827,4.2658550202935,8.15300158494656e-05,0.00742748342462099,NA,"KIF1B/BTBD8/FNBP1L/STXBP3/DNM3/STAM/KIF5B/EXOC6/LIN7C/BORCS5/PPFIA2/EXOC5/PSEN1/RASGRP1/MYO5A/TANC2/TRAPPC12/EXOC6B/CLASP1/TRAK2/SNAP25/ATP9A/CLASP2/CTNNB1/FYCO1/TBC1D23/NLGN1/HTT/SNCA/BBS7/TRAPPC13/AP3B1/DTNBP1/KIF13A/EXOC4/FAM91A1/UNC13B",37
"GO:0035418","protein localization to synapse","21/1791","90/18860",0.233333333333333,2.4571003163968,4.4882976977368,8.2560669135548e-05,0.00742748342462099,NA,"LRRC7/GPSM2/RAP1A/CNIH3/KIF5B/DLG2/GRIP1/GPHN/ADAM10/GRIN2A/ERBB2/EPB41L3/NRXN1/LRRTM1/ERBB4/STAU1/NLGN1/DLG1/RELN/ZDHHC2/ABHD17B",21
"GO:0061951","establishment of protein localization to plasma membrane","18/1791","71/18860",0.253521126760563,2.66968646047137,4.56578388173134,8.34260277519205e-05,0.00742748342462099,NA,"MACF1/LRRC7/GOLPH3L/OPTN/ANK3/RDX/GRIP1/AKAP5/SPTBN1/COMMD1/ACSL3/GOLGA4/ATP2C1/KIF13A/AFDN/ZDHHC2/ANXA13/LPAR1",18
"GO:0008038","neuron recognition","14/1791","48/18860",0.291666666666667,3.071375395496,4.65441422139614,9.97863320732109e-05,0.00874944702587381,NA,"NTM/OPCML/RTN4/NCAM2/APP/CNTN6/CNTN4/ROBO2/ROBO1/GAP43/SEMA5A/EMB/CNTNAP2/YWHAZ",14
"GO:0018193","peptidyl-amino acid modification","62/1791","404/18860",0.153465346534653,1.61605607796961,4.05457391878435,0.000104176561671043,0.00896631087606272,NA,"TTLL7/ABL2/MAPK8/CDK1/SLF2/EEF1AKMT2/HIPK3/RAB6A/ATM/IL18/CREBL2/DIP2B/TBK1/ZDHHC20/USPL1/SETD3/DPH6/FGF7/HMG20A/IGF1R/CREBBP/NLK/ERBB2/KAT7/TLK2/ROCK1/PIAS2/PRKCE/STK39/ABI2/ERBB4/TOP1/STK4/MAPK1/CTNNB1/GSK3B/PDCD10/SENP2/P3H2/IL21/SETD7/ATPSCKMT/HINT1/NSD1/ZNF451/EPHA7/CNKSR3/ZDHHC14/VKORC1L1/LMTK2/SRPK2/BRAF/TNKS/ZDHHC2/NRG1/EYA1/RIPK2/ENPP2/NSMCE2/UHRF2/AGTPBP1/TGFBR1",62
"GO:0043113","receptor clustering","17/1791","66/18860",0.257575757575758,2.71238346615231,4.51405105104391,0.000105358413611935,0.00896631087606272,NA,"LRRC7/NME7/DLG2/GPHN/SHISA6/CDH2/NRXN1/NLGN1/DLG1/WDR19/FZD9/MAGI2/RELN/PTN/ZDHHC2/FNTA/MUSK",17
"GO:0097119","postsynaptic density protein 95 clustering","6/1791","10/18860",0.6,6.31825795644891,5.44899996619737,0.000109054406110218,0.00914634562550477,NA,"CDH2/CRIPT/NRXN1/ZMYND8/NLGN1/RELN",6
"GO:0030048","actin filament-based movement","29/1791","147/18860",0.197278911564626,2.07743175438796,4.24795408196019,0.000112033356054719,0.00926195759269509,NA,"LUZP1/WASF2/PDE4B/FNBP1L/NOS1AP/CTNNA3/SHTN1/SCN8A/ATP2A2/FRMD6/CCDC88C/MYO5A/MYO1D/KCNJ2/ROCK1/SCN2A/WIPF1/CACNA1D/STRIT1/FGF12/DLG1/LIMCH1/ANK2/CAMK2D/PDE4D/SGCD/MYO6/QKI/CACNA2D1",29
"GO:0048638","regulation of developmental growth","53/1791","332/18860",0.159638554216867,1.68106260889454,4.05550454537511,0.00011697811620601,0.00953454026034052,NA,"MACF1/TNR/SYT2/PROX1/CDK1/SHTN1/LIN7C/WT1/PAK1/DIP2B/SPART/MYCBP2/AKAP6/SAV1/NTRK3/FTO/IST1/ULK2/STAT5B/SPAG9/AFG3L2/DCC/PUM2/RTN4/TTL/CREB1/ERBB4/SLC23A2/STK4/GNAS/APP/CLASP2/GOLGA4/FOXP1/GSK3B/MAP3K13/RBPJ/SEMA5A/NIPBL/JARID2/RIMS1/EPHA7/POU3F2/LATS1/SMURF1/NRG1/CHD7/STK3/ZFPM2/TGFBR1/MUSK/GPR21/ABL1",53
"GO:0006893","Golgi to plasma membrane transport","18/1791","73/18860",0.246575342465753,2.59654436566394,4.42707406526196,0.000122876855117203,0.00987622723004521,NA,"MACF1/RNF115/GOLPH3L/OPTN/ANK3/EXOC6/EXOC5/SPTBN1/COMMD1/EXOC6B/ACSL3/ARFGEF2/GOLGA4/ATP2C1/KIF13A/EXOC4/ANXA13/LPAR1",18
"GO:0072583","clathrin-dependent endocytosis","14/1791","49/18860",0.285714285714286,3.00869426497567,4.56046389620074,0.000127603076886966,0.0100754843773842,NA,"SGIP1/FNBP1L/PICALM/HIP1R/SH3GL3/GAS7/AP2B1/CLTC/AAK1/PIK3CB/BMP2K/LMBRD1/SNAP91/MAGI2",14
"GO:0031032","actomyosin structure organization","38/1791","215/18860",0.176744186046512,1.86119226624076,4.1137816930334,0.000128838058394061,0.0100754843773842,NA,"LUZP1/WASF2/PROX1/CDC42BPA/ACTN2/ANKRD1/PAK1/PRKD1/FERMT2/EVL/TJP1/FRMD5/CORO2B/AKAP13/IQGAP1/MIR21/EPB41L3/ROCK1/ROCK2/CCDC88A/CLASP1/TMEFF2/CLASP2/MIR138-1/CD47/PAK2/LIMCH1/FHDC1/PTGER4/EPB41L4A/PHACTR1/EPB41L2/ANLN/BRAF/DLC1/TGFBR1/LPAR1/ABL1",38
"GO:1904377","positive regulation of protein localization to cell periphery","19/1791","80/18860",0.2375,2.50097710776103,4.35787081792847,0.000137926295325244,0.0105107186545876,NA,"GPSM2/KIF5B/RAB11FIP2/ZDHHC5/NUMA1/RAB38/AKAP5/PRKCE/NRXN1/SPTBN1/COMMD1/ACSL3/ATP2C1/DLG1/SNCA/EPB41L2/GNAI1/ZDHHC2/ANXA13",19
"GO:0060828","regulation of canonical Wnt signaling pathway","46/1791","278/18860",0.165467625899281,1.74244523978807,4.0396494624845,0.000138036049377685,0.0105107186545876,NA,"ASPM/CCNY/USP47/LGR4/WNK1/PTPRO/LGR5/FOXO1/SCEL/PSEN1/CCDC88C/CSNK1G1/CYLD/SHISA6/CDH2/USP34/CCNYL1/STK4/APP/KREMEN1/CTNNB1/GSK3B/PPP2R3A/TBL1XR1/RBPJ/NFKB1/JADE1/TMEM131L/SEMA5A/CTNND2/APC/MCC/CSNK1G3/CSNK1A1/FOXO3/LATS1/HECW1/FZD9/CDK14/TNKS/TMEM64/STK3/UBR5/MLLT3/GNAQ/TLE4",46
"GO:0099068","postsynapse assembly","20/1791","87/18860",0.229885057471264,2.42078848906089,4.30254379949257,0.000150262399627599,0.011293097488895,NA,"MARK1/DOCK1/NTRK3/CDH2/PUM2/CRIPT/NRXN1/RTN4/DOCK10/SYNDIG1/GAP43/NLGN1/GRID2/CYFIP2/LATS1/ELMO1/RELN/DOCK4/PTPRD/ABL1",20
"GO:0042552","myelination","30/1791","157/18860",0.191082802547771,2.01218406256335,4.12531169566522,0.000156758441055482,0.0116302704921548,NA,"SBF2/ACER3/TENM4/MTMR2/SCN8A/PALS1/NTRK3/NF1/ERBB2/EPB41L3/AFG3L2/ZNF24/PPP3R1/SCN2A/B4GALT5/S100B/MAPK1/RARB/CTNNB1/DLG1/ANK2/UGT8/ID4/POU3F2/FIG4/ADGRG6/QKI/HYCC1/PTN/LPAR1",30
"GO:0032271","regulation of protein polymerization","36/1791","202/18860",0.178217821782178,1.87671028409374,4.05790920303805,0.000161315586393675,0.0116931241277843,NA,"PDE4DIP/NME7/CAMSAP2/ADD3/AMBRA1/NUMA1/PAK1/RDX/EPS8/KIF21A/NAV3/CLIP1/HIP1R/EVL/HSP90AA1/SSH2/SKA1/PRKCE/SPTBN1/NCK2/CLASP1/CLASP2/DLG1/ADD1/SLIT2/SNCA/RICTOR/RASA1/CYFIP2/ARHGAP18/LATS1/SNX9/ARFGEF1/CYRIB/CDK5RAP2/ABL1",36
"GO:0007015","actin filament organization","69/1791","469/18860",0.147121535181237,1.54925301703971,3.90174860989341,0.000161646782481898,0.0116931241277843,NA,"LUZP1/WASF2/CAP1/PROX1/ACTN2/RHOBTB1/ADD3/SHTN1/MICAL2/GAS2/PAK1/RDX/EPS8/HIP1R/FERMT2/EVL/TJP1/MYO5A/CORO2B/IQGAP1/SSH2/MYO1D/MIR21/ROCK1/ROCK2/PRKCE/SPTBN1/CCDC88A/CTNNA2/NCK2/CLASP1/WIPF1/TMEFF2/ABI2/CLASP2/MIR138-1/CD47/CLRN1/PAK2/DLG1/ADD1/SLIT2/LIMCH1/ARFIP1/FHDC1/SEMA5A/RICTOR/PTGER4/JMY/RASA1/CYFIP2/PHACTR1/MYO6/WASF1/ARHGAP18/LATS1/SNX9/ELMO1/COBL/PPP1R9A/CALD1/BRAF/DLC1/ARFGEF1/WASHC5/CYRIB/TGFBR1/LPAR1/ABL1",69
"GO:0030705","cytoskeleton-dependent intracellular transport","37/1791","210/18860",0.176190476190476,1.85536146340166,4.03759722621294,0.000167579685373528,0.0119726375216865,NA,"KIF1B/FNBP1L/NME7/ARHGAP21/KIF5B/RAB6A/MAP6/DLG2/BORCS5/KIF21A/TUBA1A/PPFIA2/IFT88/CCDC88C/RASGRP1/MYO5A/TANC2/LRPPRC/CCDC88A/DYNC1I2/IFT70B/TRAK2/STAU1/APP/FYCO1/OPA1/HTT/WDR19/INTU/AP3B1/DTNBP1/KIF13A/DST/WASF1/RABGEF1/PCM1/AGTPBP1",37
"GO:0071375","cellular response to peptide hormone stimulus","54/1791","345/18860",0.156521739130435,1.64824120603015,3.93629290319497,0.000170389183329162,0.0120249049259251,NA,"REN/NUCKS1/ACTN2/AKT3/PIP4K2A/PAK1/SIK2/OSBPL8/ATP2B1/APPL2/PTPN11/FOXO1/PRKD1/FBN1/MYO5A/ZNF592/IGF1R/PRKCB/STAT5B/ROCK1/ROCK2/NCOA1/LHCGR/GRB14/STAT1/CREB1/CPS1/TOP1/NCOA5/GNAS/MAPK1/SMARCC1/CACNA2D3/GSK3B/OTOP1/CPEB2/FAM114A1/USO1/RAP1GDS1/PPP3CA/NFKB1/GAB1/EDNRA/APC/GCLC/PHIP/MAP3K7/HDAC9/KBTBD2/GRB10/YWHAG/NCOA2/GPR21/MAPKAP1",54
"GO:1904375","regulation of protein localization to cell periphery","30/1791","158/18860",0.189873417721519,1.99944872039523,4.08646814107902,0.000176235191484794,0.0122876271460542,NA,"TMEM59/GPSM2/RAP1A/PPP2R5A/KIF5B/RAB11FIP2/ZDHHC5/NUMA1/PICALM/RAB38/WNK1/AKAP5/ADAM10/CLTC/EPB41L3/PRKCE/NRXN1/SPTBN1/COMMD1/ACSL3/ATP2C1/DLG1/SNCA/CAMK2D/MRAP2/EPB41L2/EPM2A/GNAI1/ZDHHC2/ANXA13",30
"GO:0051961","negative regulation of nervous system development","29/1791","151/18860",0.19205298013245,2.02240044963597,4.08589594152668,0.000182712188602854,0.0125875647076752,NA,"NEGR1/TNR/PROX1/DIP2B/APPL2/SPART/PSEN1/PRTG/NTRK3/ULK2/NF1/DCC/MYCN/RTN4/TRAK2/CTNNB1/ROBO2/DRD3/PTPN13/PPP3CA/RAPGEF2/SEMA5A/CTNNA1/ID4/EPHA7/ELAPOR2/PTN/PCM1/BRINP1",29
"GO:1902514","regulation of calcium ion transmembrane transport via high voltage-gated calcium channel","8/1791","19/18860",0.421052631578947,4.43386523259573,4.8507752863606,0.000188671064426841,0.0128243235083213,NA,"PDE4B/NOS1AP/MIR21/UBR3/SESTD1/CAMK2D/PDE4D/CACNA2D1",8
"GO:0007272","ensheathment of neurons","30/1791","159/18860",0.188679245283019,1.98687357121035,4.04790908330436,0.000197844201251866,0.0128243235083213,NA,"SBF2/ACER3/TENM4/MTMR2/SCN8A/PALS1/NTRK3/NF1/ERBB2/EPB41L3/AFG3L2/ZNF24/PPP3R1/SCN2A/B4GALT5/S100B/MAPK1/RARB/CTNNB1/DLG1/ANK2/UGT8/ID4/POU3F2/FIG4/ADGRG6/QKI/HYCC1/PTN/LPAR1",30
"GO:0008366","axon ensheathment","30/1791","159/18860",0.188679245283019,1.98687357121035,4.04790908330436,0.000197844201251866,0.0128243235083213,NA,"SBF2/ACER3/TENM4/MTMR2/SCN8A/PALS1/NTRK3/NF1/ERBB2/EPB41L3/AFG3L2/ZNF24/PPP3R1/SCN2A/B4GALT5/S100B/MAPK1/RARB/CTNNB1/DLG1/ANK2/UGT8/ID4/POU3F2/FIG4/ADGRG6/QKI/HYCC1/PTN/LPAR1",30
"GO:0097479","synaptic vesicle localization","16/1791","63/18860",0.253968253968254,2.6743949022006,4.31208170358954,0.000199200354117206,0.0128243235083213,NA,"KIF1B/BTBD8/DNM3/KIF5B/LIN7C/BORCS5/PCDH17/CDH2/NRXN1/SYNDIG1/CTNNB1/NLGN1/HTT/SNCA/AP3B1/DTNBP1",16
"GO:0060291","long-term synaptic potentiation","24/1791","116/18860",0.206896551724138,2.1787096401548,4.12484635456082,0.000199597859558671,0.0128243235083213,NA,"TNR/GRIN2B/AKAP5/GRIN2A/NF1/LRRTM1/CREB1/SNAP25/STAU1/APP/S100B/MAPK1/IGSF11/GSK3B/FXR1/SNCA/CAMK2D/RASGRF2/DRD1/RELN/PTN/BRAF/ZDHHC2/ABL1",24
"GO:0016601","Rac protein signal transduction","15/1791","57/18860",0.263157894736842,2.77116577037233,4.33796605421642,0.000204464639615232,0.0128243235083213,NA,"WASF2/EPS8/RASGRF1/ARHGAP17/NF1/MIR21/RTN4/ABI2/TIAM1/PIK3CB/WASF1/ELMO1/AUTS2/DOCK5/FNTA",15
"GO:0006816","calcium ion transport","65/1791","439/18860",0.148063781321185,1.55917527399081,3.83996001417857,0.000205871886031081,0.0128243235083213,NA,"PDE4B/MCOLN2/NOS1AP/CACNA1E/PTPRC/MICU1/CRACR2A/GRIN2B/ITPR2/DNM1L/ATP2B1/ATP2A2/SLC8B1/NALCN/PRKD1/AKAP6/ERO1A/AKAP5/PSEN1/GRIN2A/PRKCB/MIR21/RGS9/AFG3L2/PRKCE/PPP3R1/CACNB4/UBR3/SESTD1/ITGAV/CALCRL/PLCL1/MAIP1/HTR2B/TRPC4AP/ITPR1/EFHB/CTNNB1/CACNA1D/CACNA2D3/ATP2C1/STRIT1/HTT/STIM2/TMEM165/PKD2/SNCA/PPP3CA/MCUB/ANK2/CAMK2D/EDNRA/PDE4D/HSPA9/DRD1/IBTK/EPM2A/OPRM1/CACNA2D1/MICU3/CHD7/JPH1/TMEM38B/SLC25A25/ABL1",65
"GO:0030111","regulation of Wnt signaling pathway","55/1791","356/18860",0.154494382022472,1.6268922640669,3.86801530387257,0.0002097301603198,0.0128243235083213,NA,"MACF1/CDC73/ASPM/CCNY/USP47/LGR4/DIXDC1/WNK1/PTPRO/LGR5/FOXO1/SCEL/PSEN1/CCDC88C/CSNK1G1/CYLD/SHISA6/NLK/CDH2/MBD2/USP34/CCNYL1/STK4/APP/KREMEN1/CRBN/CTNNB1/GSK3B/PPP2R3A/TBL1XR1/SENP2/RBPJ/NFKB1/JADE1/TMEM131L/SEMA5A/CTNND2/APC/MCC/CSNK1G3/CSNK1A1/FOXO3/LATS1/HECW1/GRB10/FZD9/CDK14/TNKS/TMEM64/STK3/UBR5/MLLT3/GNAQ/TLE4/ABL1",55
"GO:0051258","protein polymerization","47/1791","291/18860",0.161512027491409,1.70079108793298,3.90250879566323,0.000210284857250095,0.0128243235083213,NA,"PDE4DIP/NME7/CAMSAP2/CDK1/ADD3/AMBRA1/CSTPP1/NUMA1/PAK1/RDX/EPS8/KIF21A/TUBA1A/NAV3/CLIP1/HIP1R/EVL/HSP90AA1/SSH2/CEP192/TPGS2/SKA1/PRKCE/SPTBN1/CHMP3/NCK2/CLASP1/CLASP2/DLG1/ADD1/SLIT2/SNCA/FHDC1/FGB/RICTOR/RASA1/CYFIP2/WASF1/ARHGAP18/LATS1/SNX9/COBL/ARFGEF1/WASHC5/CYRIB/CDK5RAP2/ABL1",47
"GO:0051962","positive regulation of nervous system development","47/1791","291/18860",0.161512027491409,1.70079108793298,3.90250879566323,0.000210284857250095,0.0128243235083213,NA,"SPEN/MACF1/ASPM/ZNF365/LRRTM3/SHTN1/CAPRIN1/MAP6/PAK1/TENM4/NAP1L1/NTRK3/IST1/NRXN1/LRRTM1/XRCC5/SYNDIG1/CHODL/TIAM1/LRRN1/GOLGA4/CTNNB1/ROBO2/ROBO1/EPHB1/DHX36/SKIL/NLGN1/FXR1/MAP3K13/SLIT2/GRID2/SEMA5A/IL6ST/MAN2A1/ATXN1/ID4/ADGRB3/UFL1/HDAC2/OPRM1/QKI/SMURF1/RELN/PTN/BRAF/PTPRD",47
"GO:0008361","regulation of cell size","33/1791","182/18860",0.181318681318681,1.90936366815764,3.99310923877162,0.000213090935219489,0.0128243235083213,NA,"MACF1/TNR/AKT3/SHTN1/PAK1/WNK1/DIP2B/SPART/PRKD1/HSP90AA1/NTRK3/IST1/ULK2/DCC/PUM2/FSHR/RTN4/TTL/STK39/CREB1/CLASP2/GOLGA4/GSK3B/MAP3K13/CLCN3/SEMA5A/SLC12A2/LARS1/MAP3K7/EPHA7/SMURF1/RB1CC1/ABL1",33
"GO:2000114","regulation of establishment of cell polarity","9/1791","24/18860",0.375,3.94891122278057,4.68248141408473,0.000214440506529517,0.0128243235083213,NA,"ABL2/SHTN1/RAP1B/ROCK1/ROCK2/RICTOR/ARFGEF1/CYRIB/ABL1",9
"GO:0006686","sphingomyelin biosynthetic process","6/1791","11/18860",0.545454545454545,5.74387086949901,5.09786262547188,0.000220593501442618,0.0128243235083213,NA,"SGMS1/SAMD8/OSBP/SPTLC2/ABCA8/VAPA",6
"GO:0007191","adenylate cyclase-activating dopamine receptor signaling pathway","6/1791","11/18860",0.545454545454545,5.74387086949901,5.09786262547188,0.000220593501442618,0.0128243235083213,NA,"GNB1/GNAL/GNAS/DRD3/ADCY5/DRD1",6
"GO:1990709","presynaptic active zone organization","6/1791","11/18860",0.545454545454545,5.74387086949901,5.09786262547188,0.000220593501442618,0.0128243235083213,NA,"ERC1/PCDH17/NRXN1/ERC2/CAST/RIMS1",6
"GO:0042391","regulation of membrane potential","69/1791","474/18860",0.145569620253165,1.53291068563634,3.80630035528428,0.000221605728500455,0.0128243235083213,NA,"NOS1AP/KCNH1/CNIH3/KCNK1/ACTN2/RGS7/KIF5B/ANK3/CTNNA3/INSYN2A/NPS/MTMR2/GRIA4/BCO2/GRIN2B/SLC4A8/SCN8A/KCNMB4/ATP2A2/SLC8B1/SPART/NALCN/AKAP6/PSEN1/NTRK3/GRIN2A/KCNJ2/NRXN1/RAB3GAP1/CACNB4/SCN2A/CHRNA1/CREB1/ZMYND8/APP/KCNH8/CACNA1D/SLMAP/GSK3B/NLGN1/FGF12/DLG1/GPRIN3/SNCA/GRID2/PPP3CA/PPA2/ANK2/CAMK2D/GRIA2/NNT/KCTD16/GABRB2/DRD1/ATXN1/GCLC/RIMS1/KCNQ5/POPDC3/AKAP7/ABCB5/FZD9/CACNA2D1/RELN/KCND2/BNIP3L/UNC13B/GNA14/ABL1",69
"GO:0007611","learning or memory","46/1791","284/18860",0.161971830985915,1.70563301641226,3.88119127092073,0.000228548834547585,0.0130951693616522,NA,"TNR/ITGA8/NPS/PICALM/GRIN2B/TUBA1A/PSEN1/NRXN3/MEIS2/RASGRF1/GRIN2A/SPECC1/NF1/NRXN1/TANC1/SCN2A/CREB1/SNAP25/APP/S100B/MAPK1/DRD3/HTT/ATP8A1/PJA2/CAMK4/KCTD16/DRD1/DTNBP1/ATXN1/RCAN2/ADGRF1/ADGRB3/SGK1/EPM2A/FZD9/RELN/PTN/BRAF/CNTNAP2/CSMD1/DDHD2/VDAC3/MUSK/BRINP1/ABL1",46
"GO:0071868","cellular response to monoamine stimulus","16/1791","64/18860",0.25,2.63260748185371,4.2378163796415,0.000242475957698757,0.0137569447764971,NA,"GNB1/PRKD1/RGS9/GNAL/MBD2/HTR2B/GNAS/APP/DRD3/GSK3B/ADCY5/DRD1/DTNBP1/HDAC2/GNA14/ABL1",16
"GO:0010508","positive regulation of autophagy","32/1791","176/18860",0.181818181818182,1.91462362316634,3.94881604673682,0.000250350327242538,0.0138028571912992,NA,"VPS13D/TMEM59/SH3GLB1/ATF6/OPTN/PIP4K2A/WAC/CCNY/AMBRA1/UVRAG/ATM/TBK1/FOXO1/PRKD1/SPTLC2/ROCK1/RNF152/RAB3GAP1/FYCO1/GSK3B/PIK3CB/HTT/SNX18/CSNK1A1/MAP3K7/UFL1/FOXO3/SESN1/EPM2A/BNIP3L/RB1CC1/RIPK2",32
"GO:1902905","positive regulation of supramolecular fiber organization","32/1791","176/18860",0.181818181818182,1.91462362316634,3.94881604673682,0.000250350327242538,0.0138028571912992,NA,"WASF2/PDE4DIP/PROX1/ACTN2/NUMA1/PAK1/NAV3/CLIP1/PRKD1/FERMT2/PSEN1/EVL/SKA1/ROCK2/PRKCE/CCDC88A/NCK2/CLASP1/ABI2/APP/CD47/DLG1/LIMCH1/SEMA5A/RICTOR/WASF1/SNX9/BRAF/TGFBR1/LPAR1/CDK5RAP2/ABL1",32
"GO:0051656","establishment of organelle localization","60/1791","400/18860",0.15,1.57956448911223,3.7950630800559,0.000250440643699052,0.0138028571912992,NA,"KIF1B/BTBD8/FNBP1L/STXBP3/GPSM2/DNM3/MARK1/STAM/ARHGAP21/KIF5B/EXOC6/LIN7C/NUMA1/RAB6A/GAB2/CBL/BORCS5/DNM1L/TUBA1A/PPFIA2/EXOC5/PSEN1/RASGRP1/MYO5A/TANC2/SKA1/TRAPPC12/LRPPRC/EXOC6B/CLASP1/TRAK2/PARD3B/SNAP25/ATP9A/CLASP2/CTNNB1/FYCO1/TBC1D23/NMD3/PDCD10/NLGN1/OPA1/DLG1/HTT/SNCA/BBS7/TRAPPC13/AP3B1/DTNBP1/KIF13A/WASF1/RABGEF1/EXOC4/PCM1/TACC1/YWHAZ/FAM91A1/UNC13B/AGTPBP1/CDK5RAP2",60
"GO:0010720","positive regulation of cell development","66/1791","451/18860",0.146341463414634,1.54103852596315,3.76707656525116,0.000258569527039715,0.0140061923965894,NA,"SPEN/MACF1/ASPM/PTPRC/CR1/ZNF365/SHTN1/CAPRIN1/AMBRA1/MAP6/PAK1/TENM4/IL18/ARID2/TMPRSS12/NAP1L1/RASGRP1/NTRK3/CYLD/CBFB/IST1/STAT5B/MIR21/TNFRSF11A/CREB1/XRCC5/CHODL/TIAM1/GOLGA4/CTNNB1/SMARCC1/PBRM1/ROBO2/ROBO1/DHX36/SKIL/ACTL6A/FXR1/MAP3K13/OPA1/ADD1/SLIT2/PPP3CA/IL2/IL21/SEMA5A/IL6ST/AP3B1/MAN2A1/ATXN1/ID4/UFL1/FOXO3/HDAC2/OPRM1/ARID1B/QKI/SMURF1/RELN/PTN/BRAF/RIPK2/TMEM64/SMARCA2/RFX3/PTPRD",66
"GO:1902414","protein localization to cell junction","25/1791","125/18860",0.2,2.10608598548297,4.01901966747637,0.000258970552347514,0.0140061923965894,NA,"LRRC7/GPSM2/RAP1A/CNIH3/KIF5B/DLG2/GRIP1/FERMT2/GPHN/TJP1/ADAM10/GRIN2A/ERBB2/EPB41L3/NRXN1/LRRTM1/ERBB4/STAU1/NLGN1/PAK2/DLG1/RELN/ZDHHC2/TJP2/ABHD17B",25
"GO:0048511","rhythmic process","48/1791","302/18860",0.158940397350993,1.67371071694011,3.82308915670291,0.000265913511819036,0.0142485323416367,NA,"PER3/KDM5B/PROX1/MAPK8/PRKG1/CDK1/PLEKHA1/NPS/GAS2/LGR4/DNM1L/ENOX1/FBXL3/MYCBP2/NTRK3/CREBBP/ZFHX3/STAT5B/HLF/TNFRSF11A/ROCK2/NCOA1/LHCGR/FSHR/CREB1/TOP1/NRIP1/ADAMTS1/ATG7/NR1D2/ROBO2/DRD3/GSK3B/NLGN1/FXR1/SLIT2/PPARGC1A/HNRNPD/MAPK10/FBXW7/ID4/FOXO3/HDAC2/KCND2/PTN/EZH2/NCOA2/GNAQ",48
"GO:0001956","positive regulation of neurotransmitter secretion","8/1791","20/18860",0.4,4.21217197096594,4.65560816049688,0.000288361361144454,0.0153096073114033,NA,"GPR158/SLC4A8/RAB3GAP1/NLGN1/SNCA/PPP3CA/DTNBP1/MICU3",8
"GO:0051236","establishment of RNA localization","31/1791","170/18860",0.182352941176471,1.92025486911683,3.90419065843704,0.000294082593122311,0.015413319162263,NA,"NUP98/NUP160/ATM/SIDT2/DDX25/WNK1/PARP11/XPOT/ATXN2/HNRNPA1L2/RTRAF/NRDE2/RBFOX1/NPIPA1/SRSF1/SRSF7/LRPPRC/IWS1/RFTN2/AGFG1/FXR1/SENP2/YTHDC1/G3BP2/QKI/HNRNPA2B1/POM121/SEM1/NUP205/TNKS/NCBP1",31
"GO:0006836","neurotransmitter transport","37/1791","216/18860",0.171296296296296,1.80382364497384,3.84876318327239,0.000298841206179892,0.015413319162263,NA,"STXBP3/RAP1A/SYT2/GPR158/LIN7C/SLC38A1/SLC38A2/SLC4A8/RAP1B/KCNMB4/PPFIA2/ATP2A2/PSEN1/PRKCB/NF1/AP2B1/NRXN1/RAB3GAP1/CACNB4/SNAP25/NAPB/APP/ERC2/DRD3/NLGN1/SNCA/PPP3CA/SLC1A3/MCTP1/GPR151/DRD1/DTNBP1/RIMS1/ICA1/BRAF/MICU3/UNC13B",37
"GO:0016079","synaptic vesicle exocytosis","22/1791","105/18860",0.20952380952381,2.20637579431549,4.01533527253231,0.000299835639615703,0.015413319162263,NA,"STXBP3/RAP1A/SYT2/SLC4A8/RAP1B/PPFIA2/ATP2A2/PSEN1/PRKCB/RAB3GAP1/CACNB4/SNAP25/NAPB/ERC2/NLGN1/SNCA/PPP3CA/GPR151/DTNBP1/RIMS1/BRAF/UNC13B",22
"GO:0032231","regulation of actin filament bundle assembly","23/1791","112/18860",0.205357142857143,2.16249900295126,3.99693616284041,0.000300968561488807,0.015413319162263,NA,"WASF2/PAK1/FERMT2/EVL/TJP1/CORO2B/MIR21/ROCK1/ROCK2/CCDC88A/CLASP1/TMEFF2/CLASP2/MIR138-1/CD47/PAK2/LIMCH1/PTGER4/BRAF/DLC1/TGFBR1/LPAR1/ABL1",23
"GO:0032252","secretory granule localization","9/1791","25/18860",0.36,3.79095477386935,4.52317171184377,0.000306979873980865,0.0155832678133971,NA,"KIF1B/STXBP3/KIF5B/PPFIA2/RASGRP1/TANC2/SNAP25/USO1/UNC13B",9
"GO:1904062","regulation of monoatomic cation transmembrane transport","46/1791","288/18860",0.159722222222222,1.68194366896209,3.77762194102021,0.000315603088540348,0.0158816962902869,NA,"PDE4B/NOS1AP/ACTN2/ANK3/WNK1/CRACR2A/GRIN2B/KCNRG/PRKD1/AKAP6/AKAP5/GRIN2A/MIR21/RGS9/KCNJ2/AFG3L2/PRKCE/COMMD1/PPP3R1/STK39/UBR3/SESTD1/CACNA1D/SLMAP/FGF12/DLG1/HTT/KCNIP4/STIM2/SNCA/PPP3CA/MCUB/ANK2/CAMK2D/EDNRA/ATPSCKMT/PDE4D/DRD1/AKAP7/UTRN/CACNA2D1/DPP6/CHD7/JPH1/TMEM38B/ABL1",46
"GO:0031334","positive regulation of protein-containing complex assembly","36/1791","210/18860",0.171428571428571,1.8052165589854,3.80089621074442,0.000352597201551725,0.0175053479199782,NA,"SH3GLB1/PDE4DIP/MAPK8/SLF2/AMBRA1/ZDHHC5/NUMA1/PAK1/ATM/RAP1B/NAV3/CLIP1/HIP1R/PRKD1/FERMT2/NEK9/EVL/HSP90AA1/SKA1/PRKCE/NCK2/CLASP1/CREB1/CRBN/GSK3B/P2RY12/DLG1/SNCA/RICTOR/CSNK1A1/LATS1/SNX9/NRG1/SPIDR/UNC13B/CDK5RAP2",36
"GO:0071867","response to monoamine","16/1791","66/18860",0.242424242424242,2.55283149755512,4.09345265951621,0.00035391838718463,0.0175053479199782,NA,"GNB1/PRKD1/RGS9/GNAL/MBD2/HTR2B/GNAS/APP/DRD3/GSK3B/ADCY5/DRD1/DTNBP1/HDAC2/GNA14/ABL1",16
"GO:0099563","modification of synaptic structure","12/1791","42/18860",0.285714285714286,3.00869426497567,4.22138377609383,0.000382595557731445,0.0187005590884796,NA,"CAP1/KIF5B/DIXDC1/RAP1B/ZDHHC17/CTNNA2/STAU1/CHMP2B/DRD1/WASF1/CTTNBP2/ABL1",12
"GO:0098876","vesicle-mediated transport to the plasma membrane","30/1791","165/18860",0.181818181818182,1.91462362316634,3.82229969361774,0.000384545797741329,0.0187005590884796,NA,"MACF1/EPS15/LRRC7/RNF115/GOLPH3L/SNX27/ACTN2/OPTN/ANK3/EXOC6/GRIP1/EXOC5/AKAP5/RAB8B/VPS53/SPTBN1/COMMD1/EXOC6B/ACSL3/ARFGEF2/ATP9A/GOLGA4/ATP2C1/BLTP1/KIF13A/LMTK2/EXOC4/ZDHHC2/ANXA13/LPAR1",30
"GO:0007030","Golgi organization","29/1791","158/18860",0.183544303797468,1.93280042971538,3.81396179736902,0.000405594839988647,0.0195598111584525,NA,"PDE4DIP/GOLPH3L/SEC16B/CAMSAP2/USP6NL/OPTN/ARHGAP21/CDK1/PI4K2A/ARMH3/COG6/PRKD1/ATP8B4/VMP1/DYM/TRAPPC12/CLASP1/MAPK1/CLASP2/PDCD10/HTT/USO1/FHDC1/YIPF5/CSNK1A1/SYNE1/RAB2A/ARFGEF1/YWHAZ",29
"GO:0046474","glycerophospholipid biosynthetic process","35/1791","204/18860",0.17156862745098,1.80669140911529,3.75246226022017,0.000416080677830216,0.0198996601868054,NA,"SH3GLB1/PIP4K2A/PI4K2A/FAR1/CHKA/UVRAG/RAB38/MTMR2/ATM/MTMR6/DGKH/LPCAT2/PIK3C3/PIGN/SH3YL1/INPP4A/PGAP1/ACSL3/HTR2B/PI4KA/PISD/TAMM41/ABHD5/PIK3CB/PLD1/INPP4B/FIG4/DGKB/HYCC1/DGKI/AGPAT5/MTMR7/BPNT2/PGAP4/SLC44A1",35
"GO:0044380","protein localization to cytoskeleton","16/1791","67/18860",0.238805970149254,2.51472953490504,4.02325465113642,0.000424533200677193,0.0201000051891047,NA,"LUZP1/NUMA1/C2CD3/KIAA0753/CEP192/MAPRE2/CRIPT/FILIP1L/GSK3B/APC/SNX10/NUDCD3/PCM1/STK3/ABHD17B/ABL1",16
"GO:0061577","calcium ion transmembrane transport via high voltage-gated calcium channel","8/1791","21/18860",0.380952380952381,4.0115923533009,4.47280530188934,0.000427216284475528,0.0201000051891047,NA,"PDE4B/NOS1AP/MIR21/UBR3/SESTD1/CAMK2D/PDE4D/CACNA2D1",8
"GO:0061387","regulation of extent of cell growth","21/1791","101/18860",0.207920792079208,2.18949533144269,3.88259124608579,0.00045392179706018,0.0211842374160263,NA,"MACF1/TNR/SHTN1/PAK1/DIP2B/SPART/NTRK3/IST1/ULK2/DCC/PUM2/RTN4/TTL/CLASP2/GOLGA4/GSK3B/MAP3K13/SEMA5A/EPHA7/SMURF1/ABL1",21
"GO:0006302","double-strand break repair","51/1791","334/18860",0.152694610778443,1.60793989909628,3.63116626178083,0.000462907432986163,0.0214307625175274,NA,"EYA3/POGZ/NUCKS1/EPC1/MAPK8/ZNF365/SLF2/UVRAG/ATM/RAD52/ARID2/YEATS4/TP53BP1/MORF4L1/CREBBP/ERCC4/RECQL5/MSH2/PPP4R3B/EPC2/XRCC5/SMARCAL1/ZMYND8/SETMAR/TOP2B/MLH1/WDR48/SMARCC1/PBRM1/PPP4R2/ASTE1/ACTL6A/SMARCAD1/NIPBL/RNF8/CGAS/UFL1/MMS22L/ARID1B/RPA3/SEM1/POT1/ESCO2/SPIDR/EYA1/NBN/NSMCE2/SMARCA2/ERCC6L2/INIP/ABL1",51
"GO:0050657","nucleic acid transport","30/1791","167/18860",0.179640718562874,1.8916939989368,3.74919181677889,0.000474783811359771,0.0216344402861338,NA,"NUP98/NUP160/SIDT2/DDX25/WNK1/PARP11/XPOT/ATXN2/HNRNPA1L2/RTRAF/NRDE2/RBFOX1/NPIPA1/SRSF1/SRSF7/LRPPRC/IWS1/RFTN2/AGFG1/FXR1/SENP2/YTHDC1/G3BP2/QKI/HNRNPA2B1/POM121/SEM1/NUP205/TNKS/NCBP1",30
"GO:0050658","RNA transport","30/1791","167/18860",0.179640718562874,1.8916939989368,3.74919181677889,0.000474783811359771,0.0216344402861338,NA,"NUP98/NUP160/SIDT2/DDX25/WNK1/PARP11/XPOT/ATXN2/HNRNPA1L2/RTRAF/NRDE2/RBFOX1/NPIPA1/SRSF1/SRSF7/LRPPRC/IWS1/RFTN2/AGFG1/FXR1/SENP2/YTHDC1/G3BP2/QKI/HNRNPA2B1/POM121/SEM1/NUP205/TNKS/NCBP1",30
"GO:0016055","Wnt signaling pathway","69/1791","487/18860",0.141683778234086,1.49199109854543,3.56315547123151,0.000483126002473587,0.0218425795024582,NA,"MACF1/CDC73/ASPM/MARK1/CCNY/USP47/LGR4/MARK2/DIXDC1/WNK1/PTPRO/LGR5/FOXO1/SCEL/FERMT2/PSEN1/CCDC88C/CSNK1G1/CYLD/SHISA6/NLK/CDH2/MBD2/STRN/USP34/CCNYL1/STK4/APP/TIAM1/KREMEN1/CRBN/CTNNB1/PRICKLE2/MITF/GSK3B/PPP2R3A/TNIK/TBL1XR1/SENP2/RBPJ/PKD2/NFKB1/JADE1/EDNRA/TMEM131L/SEMA5A/CTNND2/APC/MCC/CSNK1G3/CSNK1A1/FOXO3/EPM2A/LATS1/HECW1/GRB10/FZD9/MAGI2/CDK14/SMURF1/HBP1/TNKS/TMEM64/STK3/UBR5/MLLT3/GNAQ/TLE4/ABL1",69
"GO:1900076","regulation of cellular response to insulin stimulus","18/1791","81/18860",0.222222222222222,2.34009553942552,3.91512041626517,0.000490449749403517,0.0219125584443891,NA,"NUCKS1/PIP4K2A/PAK1/OSBPL8/ATP2B1/APPL2/PTPN11/ZNF592/PRKCB/NCOA1/GRB14/NCOA5/USO1/KBTBD2/GRB10/NCOA2/GPR21/MAPKAP1",18
"GO:0006644","phospholipid metabolic process","57/1791","385/18860",0.148051948051948,1.5590506645783,3.58998301041557,0.000492246863274681,0.0219125584443891,NA,"SH3GLB1/PIP4K2A/SGMS1/SAMD8/PI4K2A/FAR1/OSBP/PLAAT2/CHKA/UVRAG/RAB38/MTMR2/ATM/OSBPL8/MTMR6/DGKH/SPTLC2/CHRM5/LIPC/LPCAT2/ABCA8/VAPA/PIK3C3/PIGN/SH3YL1/MBOAT2/INPP4A/PGAP1/PLCL1/ACSL3/HTR2B/PI4KA/PISD/TAMM41/ABHD5/ABHD6/PIK3CB/PLD1/SNCA/INPP4B/PLPP1/FIG4/SERAC1/DGKB/HYCC1/PNPLA8/DGKI/AGPAT5/FDFT1/MTMR7/BPNT2/PIP4P2/ENPP2/PLPPR1/PGAP4/SLC44A1/TMEM38B",57
"GO:0038127","ERBB signaling pathway","27/1791","145/18860",0.186206896551724,1.96083867613932,3.76220663969485,0.000499914979351953,0.0220840304237386,NA,"RNF115/ABL2/CBL/PTPN11/HIP1R/PSEN1/IQGAP1/ERBB2/MIR21/GAREM1/RTN4/CCDC88A/TGFA/NCK2/ERBB4/MAPK1/CTNNB1/RBPJ/GAB1/FBXW7/ITGA1/ERBIN/NRG2/PTPN12/BRAF/NRG1/ABL1",27
"GO:0032007","negative regulation of TOR signaling","20/1791","95/18860",0.210526315789474,2.21693261629786,3.85174150581272,0.000518606432688184,0.0224050687059058,NA,"PRKACB/OTUD7B/UBE2D1/ATM/KICS2/TBK1/MAPKAPK5/MINAR1/WDR59/NLK/NPC1/RNF152/GPR155/GSK3B/CSNK1A1/SESN1/EPM2A/YWHAG/CASTOR3P/YWHAZ",20
"GO:0050773","regulation of dendrite development","21/1791","102/18860",0.205882352941176,2.16802969093835,3.83145550692865,0.000521334159433329,0.0224050687059058,NA,"CAMSAP2/MARK1/CAPRIN1/FAT3/RAP2A/DCC/HECW2/GSK3B/DHX36/TNIK/PPP3CA/RAPGEF2/ADGRB3/RTN4IP1/HECW1/COBL/RELN/PTN/EZH2/PTPRD/ABL1",21
"GO:1902115","regulation of organelle assembly","39/1791","238/18860",0.163865546218487,1.72557465197134,3.64888775076087,0.000521941024243189,0.0224050687059058,NA,"LUZP1/SH3GLB1/GPSM2/SDCCAG8/STAM/PIP4K2A/TBC1D12/C10orf90/CAPRIN1/NUMA1/ATM/RDX/MPHOSPH9/IFT88/CYLD/TRAPPC12/FEZ2/CRIPT/CCDC88A/CHMP3/RAB3GAP1/MARCHF7/CHMP2B/ATG3/GAP43/GSK3B/HTT/TAPT1/G3BP2/CNOT6L/GRID2/INTU/SNX18/LATS1/SEPTIN7/PTPRD/LPAR1/CDK5RAP2/ABL1",39
"GO:0060560","developmental growth involved in morphogenesis","40/1791","246/18860",0.16260162601626,1.71226502884794,3.64243998159187,0.000522865076218475,0.0224050687059058,NA,"MACF1/TNR/SYT2/KDM5B/PRKG1/SHTN1/PAK1/DIP2B/DCLK1/SPART/NTRK3/IQGAP1/IST1/ULK2/SPAG9/DCC/PUM2/RTN4/TTL/SLC23A2/APP/S100B/CLASP2/GOLGA4/CTNNB1/ALCAM/GSK3B/PPP2R3A/MAP3K13/SLIT2/EDNRA/SEMA5A/CYFIP2/RIMS1/EPHA7/WASF1/COBL/AUTS2/SMURF1/ABL1",40
"GO:0070507","regulation of microtubule cytoskeleton organization","30/1791","168/18860",0.178571428571429,1.8804339156098,3.71301413498839,0.000526540408502365,0.0224050687059058,NA,"GPSM2/PDE4DIP/NME7/CAMSAP2/MARK2/NUMA1/MAP6/PAK1/DIXDC1/KIF21A/NAV3/CLIP1/CCDC88C/CYLD/TAOK1/CLTC/ROCK1/MAPRE2/SKA1/CHMP3/CLASP1/CLASP2/CHMP2B/GSK3B/SNCA/APC/TRIM36/GNAI1/CDK5RAP2/ABL1",30
"GO:0051968","positive regulation of synaptic transmission, glutamatergic","10/1791","32/18860",0.3125,3.29075935231714,4.2010267472451,0.000530684106017702,0.0224165614709813,NA,"TNR/NPS/GRIN2B/GRIN2A/NRXN1/RAB3GAP1/NLGN1/DRD1/DTNBP1/RELN",10
"GO:0051865","protein autoubiquitination","17/1791","75/18860",0.226666666666667,2.38689745021403,3.89827493673866,0.000546174808478664,0.02282207138853,NA,"UBE4B/RNF11/RNF115/CBL/MARCHF7/ITCH/LTN1/RAD18/RNF13/KLHL24/UBE2D3/UBE2D2/SH3RF2/RNF8/SASH1/UHRF2/NFX1",17
"GO:0071870","cellular response to catecholamine stimulus","15/1791","62/18860",0.241935483870968,2.54768465985843,3.95389911656969,0.000548171405392375,0.02282207138853,NA,"GNB1/PRKD1/RGS9/GNAL/HTR2B/GNAS/APP/DRD3/GSK3B/ADCY5/DRD1/DTNBP1/HDAC2/GNA14/ABL1",15
"GO:0031647","regulation of protein stability","59/1791","404/18860",0.146039603960396,1.53785981613237,3.53992511467444,0.000563281100218542,0.0232836266211765,NA,"PER3/DDI2/USP48/USP24/USP1/SH3GLB1/CDC73/C10orf90/USP47/TRIM44/ATM/USP28/CREBL2/USP30/HIP1R/NAA16/SUGT1/FBXL3/SAV1/SEL1L/CCDC88C/HSP90AA1/CREBBP/NLK/NAPG/URI1/RTN4/USP34/CCT4/COMMD1/AAK1/RNF149/MARCHF7/ASDURF/HSPD1/CREB1/STK4/B4GALT5/MAPK1/RABL3/PDCD10/USP13/SENP2/HTT/PPARGC1A/SNCA/ANK2/NAA15/FBXW7/CCNH/UFL1/QRSL1/YWHAG/STK3/YWHAZ/RNF139/GNAQ/BRINP1/MAPKAP1",59
"GO:0036444","calcium import into the mitochondrion","7/1791","17/18860",0.411764705882353,4.3360593818767,4.45744807834796,0.000567985315506977,0.02331156752368,NA,"MICU1/AFG3L2/MAIP1/ITPR1/MCUB/HSPA9/MICU3",7
"GO:0006874","intracellular calcium ion homeostasis","47/1791","304/18860",0.154605263157895,1.62805989009374,3.57601023163253,0.000574671687533879,0.0233924000613164,NA,"PTPRC/MICU1/ITPR2/ATP2B1/ATP2A2/SLC8B1/PRKD1/AKAP6/ERO1A/PSEN1/PRKCB/AFG3L2/TMEM178A/THADA/PRKCE/VPS54/IMMT/CACNB4/PLCL1/MAIP1/HTR2B/VAPB/ITPR1/ERC2/DRD3/ATP2C1/PIK3CB/HTT/STIM2/TMEM165/PKD2/SNCA/RAP1GDS1/MCUB/ANK2/CAMK2D/EDNRA/PDE4D/DRD1/IBTK/FZD9/MICU3/CHD7/JPH1/TMEM64/TMEM38B/ABL1",47
"GO:0006892","post-Golgi vesicle-mediated transport","23/1791","117/18860",0.196581196581197,2.07008451564565,3.76092386712898,0.000578697435190121,0.0233924000613164,NA,"MACF1/EPS15/RNF115/GOLPH3L/OPTN/ANK3/EXOC6/CCDC91/EXOC5/MYO5A/SPTBN1/COMMD1/VPS54/EXOC6B/ACSL3/ARFGEF2/GOLGA4/ATP2C1/KIF13A/DOP1A/EXOC4/ANXA13/LPAR1",23
"GO:0099084","postsynaptic specialization organization","14/1791","56/18860",0.25,2.63260748185371,3.96327090131493,0.000582788099986745,0.0233924000613164,NA,"PPFIA2/NTRK3/CDH2/CRIPT/NRXN1/ZMYND8/GAP43/NLGN1/DLG1/GRID2/LATS1/RELN/PTPRD/ABL1",14
"GO:0043268","positive regulation of potassium ion transport","11/1791","38/18860",0.289473684210526,3.04828234740956,4.09403753371816,0.000588341339680767,0.0233924000613164,NA,"NOS1AP/ACTN2/KIF5B/AKAP6/MIR21/KCNJ2/STK39/DLG1/ANK2/DRD1/AKAP7",11
"GO:0043547","positive regulation of GTPase activity","19/1791","89/18860",0.213483146067416,2.24806931034699,3.82290130963064,0.000590165959729081,0.0233924000613164,NA,"RAP1A/SRGAP2/RGS7/USP6NL/RAB11FIP2/DOCK9/RALGAPA1/SIPA1L1/RASGRP1/NF1/LIMS1/RAB3GAP1/ZC3H15/DOCK10/RAPGEF2/SNX18/LARS1/SNX9/EZH2",19
"GO:1905475","regulation of protein localization to membrane","31/1791","177/18860",0.175141242937853,1.8443125861574,3.65569263348422,0.000604250266275506,0.0237877298703153,NA,"TMEM59/RAP1A/PPP2R5A/KIF5B/RAB11FIP2/ZDHHC5/PICALM/WNK1/AKAP5/ADAM10/SHISA6/AP2B1/CLTC/EPB41L3/CDH2/PRKCE/CRIPT/NRXN1/SPTBN1/COMMD1/ACSL3/ZMYND8/ATP2C1/DLG1/CAMK2D/MRAP2/EPM2A/FZD9/ZDHHC2/FNTA/ANXA13",31
"GO:0001941","postsynaptic membrane organization","12/1791","44/18860",0.272727272727273,2.8719354347495,4.02676824726719,0.000610339458064917,0.0238650975933897,NA,"GPHN/SHISA6/CDH2/CRIPT/NRXN1/ZMYND8/NLGN1/FZD9/RELN/ZDHHC2/FNTA/MUSK",12
"GO:0007200","phospholipase C-activating G protein-coupled receptor signaling pathway","27/1791","147/18860",0.183673469387755,1.93416059891293,3.68308369713193,0.000623943272300391,0.0242332866899487,NA,"GNB1/ABL2/ACTN2/DGKH/OXGR1/PRKD1/PRKCB/LHCGR/FSHR/NRXN1/HTR2B/ITPR1/DRD3/GAP43/P2RY12/PKD2/IL2/EDNRA/PLPP1/NMUR2/DRD1/OPRM1/DGKB/DGKI/GNA14/GNAQ/LPAR1",27
"GO:0055074","calcium ion homeostasis","50/1791","331/18860",0.151057401812689,1.59069938480587,3.51202508118877,0.000671104549559247,0.0257420122421792,NA,"PTPRC/MICU1/ITPR2/TMTC2/ATP2B1/ATP2A2/SLC8B1/PRKD1/AKAP6/ERO1A/PSEN1/PRKCB/AFG3L2/TMEM178A/THADA/PRKCE/VPS54/IMMT/CACNB4/PLCL1/MAIP1/HTR2B/VAPB/ITPR1/ERC2/DRD3/ATP2C1/PIK3CB/HTT/STIM2/TMEM165/PKD2/SNCA/RAP1GDS1/MCUB/ANK2/CAMK2D/EDNRA/PDE4D/SGCD/DRD1/IBTK/SNX10/FZD9/MICU3/CHD7/JPH1/TMEM64/TMEM38B/ABL1",50
"GO:0070936","protein K48-linked ubiquitination","22/1791","111/18860",0.198198198198198,2.08711223786601,3.72091632268278,0.000671685475819778,0.0257420122421792,NA,"RNF115/UBE2D1/NT5C2/TRIM44/ANAPC5/RNF34/MYCBP2/UBE2G1/RNF152/UBE2E3/ITCH/TTC3/UBE2E1/ARIH2/UBE2D3/UBE2D2/FBXO38/RNF8/RNF216/KBTBD2/RNF170/UBR5",22
"GO:0048708","astrocyte differentiation","19/1791","90/18860",0.211111111111111,2.22309076245425,3.76747941886495,0.000682630251790531,0.025989350441525,NA,"PTPN11/PSEN1/NTRK3/NF1/MYCN/VPS54/APP/S100B/MAPK1/GAP43/IL6ST/NR3C1/DRD1/ID4/POU3F2/IFNGR1/QKI/CDK6/ABL1",19
"GO:0060998","regulation of dendritic spine development","14/1791","57/18860",0.245614035087719,2.58642138568084,3.88548730665667,0.000705963180107703,0.0265286293719693,NA,"CAPRIN1/PPFIA2/MAPKAPK5/PSEN1/TANC2/ZMYND8/DHX36/NLGN1/IL2/DTNBP1/HDAC2/RELN/PTPRD/LPAR1",14
"GO:0099172","presynapse organization","14/1791","57/18860",0.245614035087719,2.58642138568084,3.88548730665667,0.000705963180107703,0.0265286293719693,NA,"LRRTM3/PPFIA2/PCDH17/TLN2/NTRK3/NRXN1/APP/CLASP2/CACNA2D3/IGSF11/NLGN1/SNCA/GRID2/PTPRD",14
"GO:0002064","epithelial cell development","37/1791","226/18860",0.163716814159292,1.72400843944402,3.54689136155888,0.000727814158991841,0.0271732937941018,NA,"LUZP1/RAP1A/PROX1/ARID4B/RDX/SIDT2/RAP1B/FRS2/FNDC3A/FRMD6/ARID4A/CCDC88C/TJP1/FEM1B/IQGAP1/ROCK1/CDH2/ROCK2/FSHR/ABI2/RARB/FLNB/MAGI1/GSK3B/ADD1/EDNRA/RAPGEF2/IL6ST/PDE4D/HSD17B4/AFDN/DACT2/C1GALT1/MAGI2/CDK6/RFX3/TJP2",37
"GO:0051054","positive regulation of DNA metabolic process","44/1791","283/18860",0.15547703180212,1.63723998871468,3.49873889042147,0.000751338191389031,0.0278717571382585,NA,"EYA3/FAF1/USP1/PTPRC/EPC1/CDK1/SLF2/FAM168A/NOX4/ATM/ARID2/YEATS4/MAPKAPK5/HSP90AA1/TP53BP1/MORF4L1/CREBBP/PARN/KAT7/MSH2/CCT4/EPC2/MAPK1/SETMAR/TOP2B/MLH1/WDR48/CTNNB1/SMARCC1/PBRM1/DHX36/ACTL6A/HNRNPD/IL2/RNF8/EYA4/ARID1B/HNRNPA2B1/POT1/TNKS/SPIDR/EYA1/NBN/SMARCA2",44
"GO:1900271","regulation of long-term synaptic potentiation","12/1791","45/18860",0.266666666666667,2.80811464731063,3.93353658593419,0.000761253391676299,0.028059703042234,NA,"AKAP5/NF1/CREB1/STAU1/APP/IGSF11/GSK3B/FXR1/RELN/PTN/ZDHHC2/ABL1",12
"GO:2001252","positive regulation of chromosome organization","21/1791","105/18860",0.2,2.10608598548297,3.68152783974207,0.000778321359208964,0.0283631289590447,NA,"CDK1/SLF2/NUMA1/ATM/NCAPD3/MAPKAPK5/HSP90AA1/PARN/SKA1/CCT4/MAPK1/CTNNB1/DHX36/SMC4/ACTL6A/HNRNPD/HNRNPA2B1/POT1/TNKS/NBN/NSMCE2",21
"GO:0006650","glycerophospholipid metabolic process","46/1791","300/18860",0.153333333333333,1.61466592220361,3.47627288873573,0.000782021413050705,0.0283631289590447,NA,"SH3GLB1/PIP4K2A/PI4K2A/FAR1/PLAAT2/CHKA/UVRAG/RAB38/MTMR2/ATM/OSBPL8/MTMR6/DGKH/CHRM5/LIPC/LPCAT2/PIK3C3/PIGN/SH3YL1/MBOAT2/INPP4A/PGAP1/PLCL1/ACSL3/HTR2B/PI4KA/PISD/TAMM41/ABHD5/ABHD6/PIK3CB/PLD1/INPP4B/FIG4/SERAC1/DGKB/HYCC1/PNPLA8/DGKI/AGPAT5/MTMR7/BPNT2/PIP4P2/ENPP2/PGAP4/SLC44A1",46
"GO:0071869","response to catecholamine","15/1791","64/18860",0.234375,2.46806951423786,3.81071941850074,0.000784188808268041,0.0283631289590447,NA,"GNB1/PRKD1/RGS9/GNAL/HTR2B/GNAS/APP/DRD3/GSK3B/ADCY5/DRD1/DTNBP1/HDAC2/GNA14/ABL1",15
"GO:0050769","positive regulation of neurogenesis","38/1791","235/18860",0.161702127659574,1.70279292443304,3.51169067904287,0.000791540300268027,0.028451203215224,NA,"SPEN/MACF1/ASPM/ZNF365/SHTN1/CAPRIN1/MAP6/PAK1/TENM4/NAP1L1/NTRK3/IST1/XRCC5/CHODL/TIAM1/GOLGA4/CTNNB1/ROBO2/ROBO1/DHX36/SKIL/FXR1/MAP3K13/SLIT2/SEMA5A/IL6ST/MAN2A1/ATXN1/ID4/UFL1/HDAC2/OPRM1/QKI/SMURF1/RELN/PTN/BRAF/PTPRD",38
"GO:0032878","regulation of establishment or maintenance of cell polarity","9/1791","28/18860",0.321428571428571,3.38478104809763,4.09055643359716,0.000798638681300489,0.0285291484486786,NA,"ABL2/SHTN1/RAP1B/ROCK1/ROCK2/RICTOR/ARFGEF1/CYRIB/ABL1",9
"GO:1904262","negative regulation of TORC1 signaling","16/1791","71/18860",0.225352112676056,2.37305463153011,3.75463948099986,0.000841060852367133,0.0298276275498863,NA,"PRKACB/OTUD7B/UBE2D1/ATM/KICS2/TBK1/WDR59/NLK/NPC1/RNF152/GPR155/CSNK1A1/SESN1/YWHAG/CASTOR3P/YWHAZ",16
"GO:0051052","regulation of DNA metabolic process","69/1791","497/18860",0.138832997987928,1.4619711569248,3.38083769973226,0.000846697426332478,0.0298276275498863,NA,"EYA3/FAF1/USP1/PTPRC/NUCKS1/EPC1/CDK1/ZNF365/ANKRD1/SLF2/FAM168A/NOX4/ATM/RAD52/ARID2/YEATS4/MAPKAPK5/DACH1/HSP90AA1/TP53BP1/MORF4L1/CREBBP/ERCC4/PARN/KAT7/RECQL5/MSH2/MSH6/PPP4R3B/CCT4/EPC2/XRCC5/MAPK1/SETMAR/TOP2B/MLH1/WDR48/CTNNB1/SMARCC1/PBRM1/PPP4R2/XRN1/DHX36/ACTL6A/SENP2/ANKRD17/HNRNPD/SMARCAD1/IL2/JADE1/SETD7/SUB1/MSH3/NDFIP1/RNF8/CGAS/EYA4/ARID1B/HNRNPA2B1/POT1/TNKS/ESCO2/SPIDR/EYA1/NBN/TAF2/NSMCE2/SMARCA2/ABL1",69
"GO:0060997","dendritic spine morphogenesis","14/1791","58/18860",0.241379310344828,2.54182791351393,3.80935073168159,0.000850450759587219,0.0298276275498863,NA,"ZNF365/CAPRIN1/PPFIA2/SIPA1L1/TANC2/ABI2/DOCK10/EPHB1/DHX36/NLGN1/CTNND2/DTNBP1/RELN/PTPRD",14
"GO:0034765","regulation of monoatomic ion transmembrane transport","48/1791","318/18860",0.150943396226415,1.58949885696828,3.43416630661688,0.000863949897685222,0.029865523295363,NA,"PDE4B/NOS1AP/ACTN2/ANK3/WNK1/CRACR2A/GRIN2B/KCNRG/PRKD1/AKAP6/AKAP5/GRIN2A/VMP1/MIR21/RGS9/KCNJ2/AFG3L2/PRKCE/COMMD1/PPP3R1/STK39/UBR3/SESTD1/CRBN/CACNA1D/SLMAP/FGF12/DLG1/HTT/KCNIP4/STIM2/SNCA/PPP3CA/MCUB/ANK2/CAMK2D/EDNRA/ATPSCKMT/PDE4D/DRD1/AKAP7/UTRN/CACNA2D1/DPP6/CHD7/JPH1/TMEM38B/ABL1",48
"GO:0032212","positive regulation of telomere maintenance via telomerase","8/1791","23/18860",0.347826086956522,3.66275823562256,4.13897563356662,0.000866177850075448,0.029865523295363,NA,"ATM/HSP90AA1/PARN/CCT4/CTNNB1/HNRNPD/POT1/TNKS",8
"GO:0061572","actin filament bundle organization","30/1791","173/18860",0.173410404624277,1.82608611458061,3.53575093633228,0.000867013636360978,0.029865523295363,NA,"LUZP1/WASF2/SHTN1/PAK1/EPS8/FERMT2/EVL/TJP1/CORO2B/MIR21/ROCK1/ROCK2/CCDC88A/CLASP1/TMEFF2/CLASP2/MIR138-1/CD47/PAK2/ADD1/LIMCH1/FHDC1/PTGER4/PHACTR1/CALD1/BRAF/DLC1/TGFBR1/LPAR1/ABL1",30
"GO:0050772","positive regulation of axonogenesis","17/1791","78/18860",0.217948717948718,2.29509370212888,3.71262135740198,0.000878530340283369,0.0300831661492299,NA,"MACF1/SHTN1/MAP6/PAK1/NTRK3/IST1/CHODL/TIAM1/GOLGA4/ROBO2/ROBO1/SKIL/MAP3K13/SLIT2/SEMA5A/SMURF1/BRAF",17
"GO:0016236","macroautophagy","58/1791","403/18860",0.143920595533499,1.51554574637732,3.38877128884154,0.000896289975588381,0.0304356614671794,NA,"VPS13D/ATG4C/SH3GLB1/MAP1LC3C/OPTN/STAM/PIP4K2A/ARMC3/WAC/MAPK8/TBC1D12/AMBRA1/UVRAG/ATM/DNM1L/TBK1/USP30/ATP2A2/IFT88/SPART/PSEN1/SPTLC2/ULK2/PLEKHM1/VMP1/NPC1/PIK3C3/FEZ2/CHMP3/RAB3GAP1/STAM2/ABI2/BCL2L13/ATG7/TBC1D5/FYCO1/CHMP2B/ATG3/ATP6V1A/HTT/WDFY3/LRBA/FBXW7/SNX18/ATG10/ARHGAP26/CSNK1A1/MAP3K7/UFL1/SESN1/EPM2A/VPS41/SMURF1/EXOC4/BNIP3L/RB1CC1/RAB2A/RIPK2",58
"GO:0032228","regulation of synaptic transmission, GABAergic","10/1791","34/18860",0.294117647058824,3.09718527276907,3.96460856253929,0.00090460234531793,0.0304356614671794,NA,"KIF5B/NPS/SLC38A1/NALCN/CNTNAP4/NF1/PRKCE/NRXN1/PLCL1/NLGN1",10
"GO:0051497","negative regulation of stress fiber assembly","10/1791","34/18860",0.294117647058824,3.09718527276907,3.96460856253929,0.00090460234531793,0.0304356614671794,NA,"WASF2/TJP1/CORO2B/MIR21/CLASP1/TMEFF2/CLASP2/MIR138-1/PAK2/DLC1",10
"GO:0048193","Golgi vesicle transport","48/1791","319/18860",0.150470219435737,1.58451610193076,3.41058068280914,0.000925515998982918,0.0307969074049489,NA,"MACF1/EPS15/RNF115/GOLPH3L/SEC16B/OPTN/ANK3/EXOC6/RAB6A/UVRAG/CCDC91/ERGIC2/COG6/PRKD1/SEC23A/EXOC5/MYO5A/VAPA/NAPG/ATP9B/TRAPPC12/NBAS/SPTBN1/COMMD1/VPS54/EXOC6B/PGAP1/ACSL3/ARFGEF2/ATP9A/VAPB/GOLGA4/SEC22C/ATP2C1/HTT/USO1/SEC31A/TRAPPC13/YIPF5/KIF13A/DOP1A/VPS41/BCAP29/EXOC4/RAB2A/ANXA13/RNF139/LPAR1",48
"GO:0045017","glycerolipid biosynthetic process","39/1791","245/18860",0.159183673469388,1.67627251905787,3.45124941254886,0.000925982700615363,0.0307969074049489,NA,"SH3GLB1/PIP4K2A/PI4K2A/FAR1/CHKA/DGAT2/UVRAG/RAB38/MTMR2/ATM/MTMR6/DGKH/LPCAT2/PIK3C3/PIGN/SH3YL1/INPP4A/PGAP1/ACSL3/HTR2B/PI4KA/PISD/TAMM41/ABHD5/PIK3CB/PLD1/INPP4B/FBXW7/MIR548P/FIG4/DGKB/AGMO/HYCC1/DGKI/AGPAT5/MTMR7/BPNT2/PGAP4/SLC44A1",39
"GO:0016049","cell growth","69/1791","499/18860",0.138276553106212,1.45611155308943,3.34484705611832,0.000943595788122085,0.0312033647192143,NA,"MACF1/TNR/CDC73/SYT2/PRKG1/SHTN1/WT1/PAK1/DIP2B/KDM2B/DCLK1/SPART/AKAP6/ADAM10/MINAR1/NTRK3/IQGAP1/IST1/ULK2/ERBB2/KAT7/SPAG9/DCC/URI1/PUM2/RTN4/SERTAD2/MEIS1/TTL/SLC23A2/ITCH/NDRG3/APP/HEMK2/S100B/CLASP2/GOLGA4/CTNNB1/ARIH2/FOXP1/ALCAM/GSK3B/MAP3K13/SLIT2/CAMK2D/BLTP1/IL2/JADE1/EDNRA/SEMA5A/RICTOR/CYFIP2/RIMS1/EPHA7/SESN1/WASF1/SGK1/EPM2A/COBL/AUTS2/SMURF1/NRG1/C8orf44-SGK3/SGK3/SMARCA2/NCBP1/TGFBR1/MAPKAP1/ABL1",69
"GO:1990138","neuron projection extension","30/1791","174/18860",0.172413793103448,1.81559136679566,3.50100036385458,0.000954503396959524,0.031219077931374,NA,"MACF1/TNR/SYT2/SHTN1/PAK1/DIP2B/DCLK1/NTRK3/IQGAP1/ULK2/SPAG9/RTN4/TTL/SLC23A2/S100B/CLASP2/GOLGA4/CTNNB1/ALCAM/GSK3B/MAP3K13/SLIT2/EDNRA/SEMA5A/CYFIP2/RIMS1/WASF1/AUTS2/SMURF1/ABL1",30
"GO:2000779","regulation of double-strand break repair","27/1791","151/18860",0.178807947019868,1.88292455655762,3.52849792231364,0.000954860341084016,0.031219077931374,NA,"EPC1/ZNF365/SLF2/ATM/ARID2/YEATS4/TP53BP1/MORF4L1/CREBBP/RECQL5/PPP4R3B/EPC2/SETMAR/TOP2B/WDR48/SMARCC1/PBRM1/PPP4R2/ACTL6A/RNF8/CGAS/ARID1B/POT1/SPIDR/NBN/SMARCA2/ABL1",27
"GO:0031929","TOR signaling","32/1791","190/18860",0.168421052631579,1.77354609303829,3.47131418073399,0.000991728610503218,0.0322423228594501,NA,"PRKACB/OTUD7B/AKT3/WAC/UBE2D1/PRR5L/ATM/SIK3/KICS2/TBK1/MAPKAPK5/RPS6KA5/MINAR1/WDR59/NLK/USP32/NPC1/RNF152/CCDC88A/GPR155/GSK3B/RICTOR/SLC38A9/LARS1/CSNK1A1/SESN1/EPM2A/YWHAG/CASTOR3P/RELN/YWHAZ/MAPKAP1",32
"GO:0072665","protein localization to vacuole","21/1791","107/18860",0.196261682242991,2.06671989229637,3.58434652913667,0.00100487997888939,0.0322870082390238,NA,"VPS13D/SH3GLB1/STAM/NCOA4/ATE1/KICS2/VPS53/NLK/PIK3C3/RNF152/ROCK2/RTN4/VPS54/STAM2/GPR155/AP3B1/LMBRD1/VPS41/YWHAG/SMURF1/SNX16",21
"GO:1903432","regulation of TORC1 signaling","21/1791","107/18860",0.196261682242991,2.06671989229637,3.58434652913667,0.00100487997888939,0.0322870082390238,NA,"PRKACB/OTUD7B/WAC/UBE2D1/ATM/SIK3/KICS2/TBK1/WDR59/NLK/USP32/NPC1/RNF152/GPR155/SLC38A9/LARS1/CSNK1A1/SESN1/YWHAG/CASTOR3P/YWHAZ",21
"GO:0050768","negative regulation of neurogenesis","26/1791","144/18860",0.180555555555556,1.90132762578324,3.51690384252146,0.00101338578597798,0.0322870082390238,NA,"NEGR1/TNR/PROX1/DIP2B/APPL2/SPART/PSEN1/PRTG/NTRK3/ULK2/NF1/DCC/MYCN/RTN4/TRAK2/CTNNB1/DRD3/PPP3CA/RAPGEF2/SEMA5A/CTNNA1/ID4/EPHA7/PTN/PCM1/BRINP1",26
"GO:0072698","protein localization to microtubule cytoskeleton","14/1791","59/18860",0.23728813559322,2.49874608447132,3.73479420773984,0.00101907851828553,0.0322870082390238,NA,"NUMA1/C2CD3/KIAA0753/CEP192/MAPRE2/CRIPT/GSK3B/APC/SNX10/NUDCD3/PCM1/STK3/ABHD17B/ABL1",14
"GO:2001236","regulation of extrinsic apoptotic signaling pathway","29/1791","167/18860",0.173652694610778,1.82863753230557,3.48406634888221,0.00102386784676639,0.0322870082390238,NA,"EYA3/FAF1/PTPRC/RNF34/FEM1B/CYLD/NF1/PPP2R1A/BIRC6/ITGAV/STRADB/STK4/APP/GSK3B/SKIL/PAK2/HTT/FGB/CTNNA1/GCLC/PHIP/EYA4/NRG1/RB1CC1/C8orf44-SGK3/SGK3/EYA1/STK3/TGFBR1",29
"GO:0016239","positive regulation of macroautophagy","20/1791","100/18860",0.2,2.10608598548297,3.59232447037382,0.00102657845446352,0.0322870082390238,NA,"VPS13D/SH3GLB1/OPTN/PIP4K2A/WAC/AMBRA1/UVRAG/ATM/TBK1/SPTLC2/RAB3GAP1/FYCO1/HTT/SNX18/MAP3K7/UFL1/SESN1/EPM2A/BNIP3L/RIPK2",20
"GO:0010569","regulation of double-strand break repair via homologous recombination","18/1791","86/18860",0.209302325581395,2.20404347317985,3.62506727447274,0.00103797885369602,0.0323104092025973,NA,"EPC1/ZNF365/ATM/ARID2/YEATS4/TP53BP1/MORF4L1/CREBBP/RECQL5/EPC2/WDR48/PPP4R2/ACTL6A/RNF8/CGAS/SPIDR/NBN/ABL1",18
"GO:0035023","regulation of Rho protein signal transduction","19/1791","93/18860",0.204301075268817,2.15137815721379,3.60549682502642,0.00103848904642874,0.0323104092025973,NA,"ABL2/EPS8/STARD13/DOCK9/FERMT2/AKAP13/ERBB2/MIR21/PKP4/DOCK10/ARHGEF3/ROBO1/FXR1/ARHGEF28/CDC42SE2/CSNK1A1/DLC1/LPAR1/ABL1",19
"GO:0051495","positive regulation of cytoskeleton organization","32/1791","191/18860",0.167539267015707,1.76426051139935,3.43875045089613,0.00108524381805402,0.0335845239309017,NA,"WASF2/GPSM2/PDE4DIP/PROX1/ACTN2/ADD3/NUMA1/PAK1/NAV3/CLIP1/PRKD1/FERMT2/EVL/SKA1/ROCK2/PRKCE/CCDC88A/NCK2/CLASP1/ABI2/CD47/DLG1/LIMCH1/SEMA5A/RICTOR/WASF1/SNX9/BRAF/TGFBR1/LPAR1/CDK5RAP2/ABL1",32
"GO:0000018","regulation of DNA recombination","26/1791","145/18860",0.179310344827586,1.88821502146749,3.4778454846016,0.00112557268490468,0.0345268589522952,NA,"PTPRC/EPC1/ZNF365/ATM/ARID2/YEATS4/TP53BP1/MORF4L1/CREBBP/RECQL5/MSH2/MSH6/EPC2/MLH1/WDR48/PPP4R2/ACTL6A/SMARCAD1/IL2/MSH3/NDFIP1/RNF8/CGAS/SPIDR/NBN/ABL1",26
"GO:0061351","neural precursor cell proliferation","29/1791","168/18860",0.172619047619048,1.81775278508947,3.448671837977,0.00112762680870638,0.0345268589522952,NA,"RERE/NFIA/PTBP2/ASPM/PROX1/DIXDC1/SOX5/FRS2/NAP1L1/APPL2/KDM2B/LNX2/FOXO1/EML1/NTRK3/NF1/CDH2/RARB/CTNNB1/EPHB1/HHIP/CTNNA1/ID4/POU3F2/FOXO3/FZD9/PTN/PCM1/NBN",29
"GO:0001667","ameboidal-type cell migration","40/1791","256/18860",0.15625,1.64537967615857,3.367713873372,0.00115628237482133,0.0348824665473345,NA,"WASF2/MACF1/CAP1/PKN2/SRGAP2/PROX1/ARID5B/DOCK1/PRR5L/PAK1/APPL2/PTPN11/FUT8/EVL/FGF7/IQGAP1/ROCK1/CDH2/MAPRE2/SMAD2/PRKCE/RTN4/MAP4K4/CLASP1/ERBB4/HTR2B/CLASP2/FAM114A1/EDNRA/SEMA5A/MACIR/MCC/SASH1/ANLN/SEMA3C/BRAF/DOCK5/YTHDF3/ENPP2/TGFBR1",40
"GO:0035330","regulation of hippo signaling","12/1791","47/18860",0.25531914893617,2.68862040699954,3.75452515686862,0.00115732392899399,0.0348824665473345,NA,"CIT/STRN3/SAV1/FRMD6/MARK3/PPP2R1A/MAP4K4/STK4/SLMAP/SCHIP1/LATS1/STK3",12
"GO:0097106","postsynaptic density organization","12/1791","47/18860",0.25531914893617,2.68862040699954,3.75452515686862,0.00115732392899399,0.0348824665473345,NA,"PPFIA2/NTRK3/CDH2/CRIPT/NRXN1/ZMYND8/NLGN1/DLG1/GRID2/LATS1/RELN/PTPRD",12
"GO:0031345","negative regulation of cell projection organization","32/1791","192/18860",0.166666666666667,1.75507165456914,3.40637902074176,0.00118635942162801,0.035542773265061,NA,"LUZP1/LRIG2/TNR/ZNF365/DENND5A/FAT3/GRIN2B/PTPRO/DIP2B/MPHOSPH9/SPART/PSEN1/EVL/NEO1/MINAR1/ULK2/DCC/NRXN1/RTN4/DGUOK/MARCHF7/TRAK2/KREMEN1/NLGN1/SLIT2/PPP3CA/RAPGEF2/SEMA5A/DTNBP1/EPHA7/HDAC2/LPAR1",32
"GO:0099111","microtubule-based transport","37/1791","232/18860",0.15948275862069,1.67942201428599,3.37290086179145,0.00119151512241608,0.035542773265061,NA,"KIF1B/NME7/ARHGAP21/KIF5B/RAB6A/DLG2/BORCS5/KIF21A/TUBA1A/CFAP54/IFT88/CCDC88C/RASGRP1/DNAH9/CABYR/LRPPRC/DYNC1I2/IFT70B/TRAK2/STAU1/APP/NEK10/FYCO1/OPA1/HTT/WDR19/INTU/AP3B1/NME5/DTNBP1/KIF13A/DST/WASF1/RABGEF1/PCM1/RFX3/AGTPBP1",37
"GO:0051017","actin filament bundle assembly","29/1791","169/18860",0.171597633136095,1.80699685144989,3.41351651092689,0.00124040056597004,0.0368112721808649,NA,"LUZP1/WASF2/PAK1/EPS8/FERMT2/EVL/TJP1/CORO2B/MIR21/ROCK1/ROCK2/CCDC88A/CLASP1/TMEFF2/CLASP2/MIR138-1/CD47/PAK2/ADD1/LIMCH1/FHDC1/PTGER4/PHACTR1/CALD1/BRAF/DLC1/TGFBR1/LPAR1/ABL1",29
"GO:0044829","host-mediated activation of viral genome replication","5/1791","10/18860",0.5,5.26521496370743,4.37006936921593,0.00128627274150537,0.037799316631902,NA,"NUCKS1/VAPA/PIK3C3/VAPB/YTHDC2",5
"GO:0051932","synaptic transmission, GABAergic","15/1791","67/18860",0.223880597014925,2.35755893897347,3.60579574739676,0.00129636525664891,0.037799316631902,NA,"KIF5B/NPS/SLC38A1/NALCN/GPHN/CNTNAP4/NF1/PRKCE/NRXN1/VPS54/PLCL1/NLGN1/CLCN3/GABRB2/EZH2",15
"GO:0000725","recombinational repair","33/1791","201/18860",0.164179104477612,1.72887655524721,3.36520024183217,0.00130295998760974,0.037799316631902,NA,"POGZ/NUCKS1/EPC1/ZNF365/SLF2/ATM/RAD52/ARID2/YEATS4/TP53BP1/MORF4L1/CREBBP/ERCC4/RECQL5/EPC2/XRCC5/ZMYND8/WDR48/PPP4R2/ASTE1/ACTL6A/NIPBL/RNF8/CGAS/UFL1/MMS22L/RPA3/SEM1/SPIDR/NBN/NSMCE2/INIP/ABL1",33
"GO:0008542","visual learning","13/1791","54/18860",0.240740740740741,2.53510350104432,3.65922749217817,0.00132195002614913,0.037799316631902,NA,"NPS/TUBA1A/MEIS2/GRIN2A/NF1/TANC1/CREB1/APP/DRD3/DRD1/ATXN1/BRAF/DDHD2",13
"GO:0010631","epithelial cell migration","20/1791","102/18860",0.196078431372549,2.06479018184605,3.4928017991393,0.00132569247720542,0.037799316631902,NA,"MACF1/PKN2/PROX1/DOCK1/PTPN11/EVL/FGF7/ROCK1/MAPRE2/PRKCE/RTN4/MAP4K4/CLASP1/CLASP2/MACIR/MCC/SASH1/ANLN/DOCK5/ENPP2",20
"GO:0016050","vesicle organization","57/1791","401/18860",0.14214463840399,1.49684415427094,3.25755209559842,0.00132659832068582,0.037799316631902,NA,"KIAA0319L/EPS15/BTBD8/FNBP1L/SLC71A1/GOLPH3L/DNM3/SYT2/STAM/PIP4K2A/PI4K2A/HPS5/OSBP/UVRAG/PICALM/RAB38/TMPRSS12/ZDHHC20/STXBP6/SEC23A/KNL1/IST1/PLEKHM1/VAPA/PIK3C3/TRAPPC12/CHMP3/STAM2/CREB1/AP1S3/AGFG1/SNAP25/ARFGEF2/VAPB/ERC2/CHMP2B/ATP6V1A/TMCC1/DNAJC13/USO1/SEC31A/SNCA/CLCN3/TRAPPC13/AP3B1/YIPF5/DTNBP1/KIF13A/SNAP91/TBPL1/SNX10/CHN2/VPS41/ZDHHC2/RAB2A/PLEKHF2/WASHC5",57
"GO:0070252","actin-mediated cell contraction","23/1791","124/18860",0.185483870967742,1.95322490589146,3.44961691554177,0.00132793621229652,0.037799316631902,NA,"LUZP1/PDE4B/NOS1AP/CTNNA3/SHTN1/SCN8A/ATP2A2/FRMD6/CCDC88C/KCNJ2/ROCK1/SCN2A/CACNA1D/STRIT1/FGF12/DLG1/LIMCH1/ANK2/CAMK2D/PDE4D/SGCD/QKI/CACNA2D1",23
"GO:0007612","learning","28/1791","162/18860",0.172839506172839,1.82007430844207,3.39559761538973,0.00133247979832521,0.037799316631902,NA,"TNR/NPS/TUBA1A/NRXN3/MEIS2/GRIN2A/SPECC1/NF1/NRXN1/TANC1/CREB1/SNAP25/APP/DRD3/HTT/ATP8A1/DRD1/ATXN1/ADGRB3/EPM2A/RELN/PTN/BRAF/CNTNAP2/CSMD1/DDHD2/VDAC3/ABL1",28
"GO:0032006","regulation of TOR signaling","28/1791","162/18860",0.172839506172839,1.82007430844207,3.39559761538973,0.00133247979832521,0.037799316631902,NA,"PRKACB/OTUD7B/AKT3/WAC/UBE2D1/ATM/SIK3/KICS2/TBK1/MAPKAPK5/MINAR1/WDR59/NLK/USP32/NPC1/RNF152/GPR155/GSK3B/RICTOR/SLC38A9/LARS1/CSNK1A1/SESN1/EPM2A/YWHAG/CASTOR3P/RELN/YWHAZ",28
"GO:0015800","acidic amino acid transport","16/1791","74/18860",0.216216216216216,2.27684971403564,3.56485252702086,0.00134629881732319,0.0380050305163382,NA,"KCNK1/PRKG1/SLC38A2/PSEN1/NF1/VPS54/RAB3GAP1/SLC25A12/GRM7/SLC7A14/SNCA/SLC1A3/SLC12A2/DTNBP1/EPM2A/SLC25A13",16
"GO:0010977","negative regulation of neuron projection development","24/1791","132/18860",0.181818181818182,1.91462362316634,3.41575539942873,0.0014059189344262,0.0394954022986624,NA,"LRIG2/TNR/ZNF365/DENND5A/FAT3/PTPRO/DIP2B/SPART/PSEN1/NEO1/MINAR1/ULK2/DCC/RTN4/DGUOK/TRAK2/KREMEN1/NLGN1/SLIT2/SEMA5A/DTNBP1/EPHA7/HDAC2/LPAR1",24
"GO:0046486","glycerolipid metabolic process","56/1791","394/18860",0.142131979695431,1.49671085262749,3.22751618111921,0.00145748391042102,0.040746180626118,NA,"SH3GLB1/PIP4K2A/PI4K2A/FAR1/PLAAT2/CHKA/DGAT2/UVRAG/RAB38/MTMR2/ATM/OSBPL8/PTPN11/MTMR6/DGKH/SEL1L/CHRM5/LIPC/LPCAT2/PIK3C3/PIGN/SH3YL1/MBOAT2/INPP4A/PGAP1/PLCL1/CPS1/ACSL3/HTR2B/PI4KA/PISD/TAMM41/ABHD5/ABHD6/PIK3CB/GK5/PLD1/TBL1XR1/INPP4B/FBXW7/MIR548P/FIG4/SERAC1/DGKB/AGMO/HYCC1/PNPLA8/DGKI/AGPAT5/MTMR7/DDHD2/BPNT2/PIP4P2/ENPP2/PGAP4/SLC44A1",56
"GO:0140058","neuron projection arborization","10/1791","36/18860",0.277777777777778,2.9251194242819,3.74503648719998,0.00147112038421142,0.04092968107419,NA,"MACF1/ZNF365/TUBA1A/GRIP1/MYO9A/ROCK1/NLGN1/MAP3K13/PHACTR1/PTN",10
"GO:0007411","axon guidance","38/1791","243/18860",0.156378600823045,1.64673389811426,3.28682813766877,0.00149024340301431,0.041263342455712,NA,"TNR/KIF5B/NCAM1/PTPRO/KIF21A/NELL2/MYCBP2/NRXN3/RPS6KA5/EVL/NEO1/ULK2/ERBB2/DCC/FEZ2/NRXN1/CHN1/APP/CNTN6/CNTN4/ROBO2/ROBO1/ALCAM/GAP43/KALRN/EPHB1/SLIT2/APBB2/UNC5C/EDNRA/SEMA5A/EMB/MYOT/CYFIP2/EPHA7/CRPPA/SEMA3C/RELN",38
"GO:0032869","cellular response to insulin stimulus","35/1791","219/18860",0.159817351598174,1.68294542218959,3.29288479289705,0.00153383454142744,0.0420956171673943,NA,"NUCKS1/AKT3/PIP4K2A/PAK1/SIK2/OSBPL8/ATP2B1/APPL2/PTPN11/FOXO1/MYO5A/ZNF592/IGF1R/PRKCB/NCOA1/GRB14/STAT1/NCOA5/MAPK1/SMARCC1/GSK3B/OTOP1/CPEB2/USO1/GAB1/APC/GCLC/PHIP/HDAC9/KBTBD2/GRB10/YWHAG/NCOA2/GPR21/MAPKAP1",35
"GO:0000724","double-strand break repair via homologous recombination","32/1791","195/18860",0.164102564102564,1.72807055219116,3.31039531205352,0.00154050258768301,0.0420956171673943,NA,"POGZ/NUCKS1/EPC1/ZNF365/SLF2/ATM/RAD52/ARID2/YEATS4/TP53BP1/MORF4L1/CREBBP/ERCC4/RECQL5/EPC2/ZMYND8/WDR48/PPP4R2/ASTE1/ACTL6A/NIPBL/RNF8/CGAS/UFL1/MMS22L/RPA3/SEM1/SPIDR/NBN/NSMCE2/INIP/ABL1",32
"GO:0008306","associative learning","19/1791","96/18860",0.197916666666667,2.08414758980086,3.44956551046425,0.00154212387065623,0.0420956171673943,NA,"TNR/NPS/TUBA1A/MEIS2/GRIN2A/SPECC1/NF1/TANC1/CREB1/SNAP25/APP/DRD3/DRD1/ATXN1/RELN/BRAF/CSMD1/DDHD2/ABL1",19
"GO:0097485","neuron projection guidance","38/1791","244/18860",0.155737704918033,1.63998498869576,3.25930197219578,0.00160739729844247,0.0432961396176747,NA,"TNR/KIF5B/NCAM1/PTPRO/KIF21A/NELL2/MYCBP2/NRXN3/RPS6KA5/EVL/NEO1/ULK2/ERBB2/DCC/FEZ2/NRXN1/CHN1/APP/CNTN6/CNTN4/ROBO2/ROBO1/ALCAM/GAP43/KALRN/EPHB1/SLIT2/APBB2/UNC5C/EDNRA/SEMA5A/EMB/MYOT/CYFIP2/EPHA7/CRPPA/SEMA3C/RELN",38
"GO:0006851","mitochondrial calcium ion transmembrane transport","8/1791","25/18860",0.32,3.36973757677275,3.84052442271982,0.00160854847378608,0.0432961396176747,NA,"MICU1/SLC8B1/AFG3L2/MAIP1/ITPR1/MCUB/HSPA9/MICU3",8
"GO:0051560","mitochondrial calcium ion homeostasis","8/1791","25/18860",0.32,3.36973757677275,3.84052442271982,0.00160854847378608,0.0432961396176747,NA,"MICU1/SLC8B1/AFG3L2/IMMT/MAIP1/RAP1GDS1/MCUB/MICU3",8
"GO:0007163","establishment or maintenance of cell polarity","37/1791","236/18860",0.156779661016949,1.65095723438284,3.25968070564414,0.00162876100226763,0.0435115362344928,NA,"CAP1/LRRC7/GPSM2/SNX27/ABL2/CRB1/SDCCAG8/RHOBTB1/SHTN1/RAB11FIP2/MARK2/NUMA1/PAK1/DLG2/RAP1B/PALS1/MYO9A/ROCK1/SKA1/ROCK2/CLASP1/PARD3B/CLASP2/FRMD4B/GSK3B/EPHB1/DLG1/HTT/RICTOR/ERBIN/CTNNA1/DST/UST/ARFGEF1/CYRIB/CDK5RAP2/ABL1",37
"GO:0021549","cerebellum development","21/1791","111/18860",0.189189189189189,1.99224349978119,3.39620409541078,0.00163158862327371,0.0435115362344928,NA,"RERE/PTBP2/PROX1/PRKG1/ZNF365/NAV2/PAK1/TUBA1A/PTPN11/PSEN1/HERC1/NCOA1/NRXN1/NEUROD1/HNRNPD/GRID2/PDSS2/EZH2/AGTPBP1/LPAR1/ABL1",21
"GO:0007632","visual behavior","14/1791","62/18860",0.225806451612903,2.37783901586787,3.51999125462259,0.00170179370102241,0.0447991821809978,NA,"NPS/TUBA1A/MEIS2/GRIN2A/NF1/NPHP1/TANC1/CREB1/APP/DRD3/DRD1/ATXN1/BRAF/DDHD2",14
"GO:0099518","vesicle cytoskeletal trafficking","14/1791","62/18860",0.225806451612903,2.37783901586787,3.51999125462259,0.00170179370102241,0.0447991821809978,NA,"KIF1B/FNBP1L/KIF5B/BORCS5/PPFIA2/RASGRP1/MYO5A/TANC2/TRAK2/FYCO1/HTT/AP3B1/DTNBP1/KIF13A",14
"GO:0032486","Rap protein signal transduction","6/1791","15/18860",0.4,4.21217197096594,4.03134002827305,0.00171083795783662,0.0447991821809978,NA,"RAP1A/RDX/CBL/RAP1B/RAP2A/RAPGEF2",6
"GO:0098693","regulation of synaptic vesicle cycle","6/1791","15/18860",0.4,4.21217197096594,4.03134002827305,0.00171083795783662,0.0447991821809978,NA,"PSEN1/PPP3R1/RAPGEF4/PLD1/SCRN1/LPAR1",6
"GO:0043491","phosphatidylinositol 3-kinase/protein kinase B signal transduction","51/1791","354/18860",0.144067796610169,1.51709583700044,3.18140879596584,0.00173035881595944,0.0448949769799629,NA,"PLEKHA1/BTBD10/PRR5L/AMBRA1/GAB2/NOX4/IL18/CBL/TBK1/OSBPL8/PTPN11/PRKD1/FERMT2/RASGRP1/NTRK3/IGF1R/NF1/ERBB2/MIR21/PIK3C3/PPP2R1A/FSHR/NRXN1/RTN4/CCDC88A/STAMBP/ERBB4/APP/MIR138-1/PROS1/DRD3/GSK3B/PIK3CB/P2RY12/DLG1/PTPN13/GAB1/SEMA5A/RICTOR/EPHA7/SESN1/KBTBD2/MAGI2/RELN/SRPK2/FAM3C/ARFGEF1/STK3/IL33/TGFBR1/MAPKAP1",51
"GO:0021987","cerebral cortex development","24/1791","134/18860",0.17910447761194,1.88604715117878,3.33418587415906,0.00173776997468666,0.0448949769799629,NA,"ASPM/SRGAP2/DIXDC1/SLC38A2/TUBA1A/PALS1/PSEN1/NF1/CDH2/NCOA1/RTN4/BTBD3/CTNNB1/ROBO1/GSK3B/P2RY12/SLIT2/PHACTR1/AKIRIN2/POU3F2/RELN/LAMB1/CNTNAP2/TACC1",24
"GO:0046777","protein autophosphorylation","24/1791","134/18860",0.17910447761194,1.88604715117878,3.33418587415906,0.00173776997468666,0.0448949769799629,NA,"HTATIP2/MARK2/ATM/SIK2/MAPKAPK5/PRKD1/PEAK1/IGF1R/ULK2/MAP3K3/VRK2/STK39/ERBB4/STK4/NEK10/GSK3B/EPHB1/GRK7/TNIK/MAP3K13/PAK2/EPHA7/LMTK2/NRG1",24
"GO:1904861","excitatory synapse assembly","11/1791","43/18860",0.255813953488372,2.69383091166426,3.60190433198567,0.00180679868903335,0.0464708622819378,NA,"SRGAP2/NTRK3/CRIPT/NRXN1/NLGN1/ADGRL3/PTPN13/GRID2/LATS1/RELN/PTPRD",11
"GO:0034762","regulation of transmembrane transport","62/1791","450/18860",0.137777777777778,1.45085923444382,3.13561992803071,0.00181596906962146,0.0465000575482274,NA,"PDE4B/STXBP3/RAP1A/NOS1AP/CNIH3/ACTN2/ANK3/WNK1/CRACR2A/CREBL2/GRIN2B/OSBPL8/APPL2/PTPN11/KCNRG/PRKD1/AKAP6/AKAP5/PSEN1/GRIN2A/PRKCB/VMP1/MIR21/RGS9/KCNJ2/AFG3L2/PRKCE/COMMD1/PPP3R1/STK39/UBR3/SESTD1/CRBN/CACNA1D/SLMAP/STRIT1/FGF12/DLG1/HTT/KCNIP4/STIM2/SNCA/PPP3CA/MCUB/ANK2/CAMK2D/EDNRA/ATPSCKMT/PDE4D/DRD1/AKAP7/UTRN/OPRM1/GRB10/CACNA2D1/BRAF/DPP6/CHD7/JPH1/AZIN1/TMEM38B/ABL1",62
"GO:1903829","positive regulation of protein localization","63/1791","459/18860",0.137254901960784,1.44535312729223,3.12891107428825,0.00183944707673642,0.046811977682543,NA,"GPSM2/LRIG2/GOLPH3L/SEC16B/KIF5B/CDK1/ANKRD1/RAB11FIP2/PRR5L/ZDHHC5/OSBP/NUMA1/RAB38/RDX/DNM1L/PRKD1/FERMT2/AKAP5/PSEN1/HSP90AA1/CREBBP/PRKCB/CYLD/AP2B1/KAT7/TRAPPC12/ROCK2/PRKCE/NRXN1/SPTBN1/RTN4/CCDC88A/CCT4/COMMD1/CACNB4/RAPGEF4/NEUROD1/ERBB4/ACSL3/APP/ITPR1/GSK3B/ATP2C1/NMD3/PDCD10/SLC2A2/DLG1/SNCA/FGB/PPID/C1QTNF3/APC/TMEM30A/EPB41L2/GNAI1/ZDHHC2/PCM1/FNTA/UBR5/ANXA13/UNC13B/ABHD17B/ANP32B",63
"GO:0007173","epidermal growth factor receptor signaling pathway","23/1791","127/18860",0.181102362204724,1.90708573488615,3.32238238142106,0.00184432882523238,0.046811977682543,NA,"RNF115/ABL2/CBL/PTPN11/HIP1R/PSEN1/IQGAP1/ERBB2/MIR21/GAREM1/CCDC88A/TGFA/NCK2/ERBB4/MAPK1/CTNNB1/GAB1/FBXW7/ITGA1/ERBIN/PTPN12/BRAF/ABL1",23
"GO:1903539","protein localization to postsynaptic membrane","13/1791","56/18860",0.232142857142857,2.44456409029273,3.50678217990346,0.00188547887984866,0.0476474509942541,NA,"LRRC7/GPSM2/RAP1A/CNIH3/GRIP1/GPHN/ADAM10/GRIN2A/ERBB2/EPB41L3/ERBB4/DLG1/ZDHHC2",13
"GO:0090132","epithelium migration","20/1791","105/18860",0.19047619047619,2.00579617665045,3.34772040695182,0.00191206885243726,0.0481093149958888,NA,"MACF1/PKN2/PROX1/DOCK1/PTPN11/EVL/FGF7/ROCK1/MAPRE2/PRKCE/RTN4/MAP4K4/CLASP1/CLASP2/MACIR/MCC/SASH1/ANLN/DOCK5/ENPP2",20
"GO:0097305","response to alcohol","42/1791","280/18860",0.15,1.57956448911223,3.16490743420006,0.00197910881779826,0.0494105621668055,NA,"GNB1/RAP1A/PTPRC/CDK1/CBL/GRIN2B/EPS8/ITPR2/PRKD1/NTRK3/GRIN2A/ACACA/RECQL5/SMAD2/TNFRSF11A/PRKCE/STK39/GPR155/CREB1/CPS1/SLC23A2/GNAS/S100B/CTNNB1/ADCY5/XRN1/SLIT2/HNRNPD/IL2/SETD7/PTGER4/CTNNA1/NR3C1/FOXO3/HDAC2/SGK1/OPRM1/LANCL2/GNAI1/SPIDR/GNAQ/TGFBR1",42
"GO:0072594","establishment of protein localization to organelle","65/1791","478/18860",0.135983263598326,1.43196222862336,3.0986064785851,0.00198086235056141,0.0494105621668055,NA,"VPS13D/KPNA6/EPS15/SH3GLB1/GOLPH3L/STAM/NCOA4/MAPK8/CDK1/ATE1/NUP98/SPCS2/CBL/TBK1/APPL2/MIPEP/PRKD1/TIMM9/PSEN1/HSP90AA1/RAB8B/LONP2/MBTPS1/VPS53/NF1/PIK3C3/VPS54/PPP3R1/RAB3GAP1/STAM2/MTX2/HSPD1/MAIP1/MFF/STK4/SAMM50/ARIH2/PEX5L/PPP3CA/UBE2D3/ZNF827/FBXW7/SPCS3/NIPBL/SGTB/AP3B1/SRP19/DRD1/AKIRIN2/SEC63/EPM2A/VPS41/POM121/PEX1/SMURF1/POT1/BNIP3L/SPIDR/GDAP1/SNX16/STK3/UBR5/RANBP6/IL33/DNAJA1",65
